A3DYB2N4DINWJZ,A3DYB2N4DINWJZ-1-14131-1,false,False
A2WP04RFZ9STGJ,A2WP04RFZ9STGJ-1-2523-3,1,1.0
A2WP04RFZ9STGJ,A2WP04RFZ9STGJ-1-17649-3,"Recreation & Leisure","Recreation & Leisure"
A2WP04RFZ9STGJ,A2WP04RFZ9STGJ-1-11603-3,plain,plain
A2WP04RFZ9STGJ,A2WP04RFZ9STGJ-2-3943-4,2,6.25
A2WP04RFZ9STGJ,A2WP04RFZ9STGJ-2-1727-4,Yes,Yes
A12M78R4SVDCV7,A12M78R4SVDCV7-1-18550-2,Positive,Neutral
AOGEGRPMKRKY,AOGEGRPMKRKY-1-3603-8,1,1.25
A2WP04RFZ9STGJ,A2WP04RFZ9STGJ-3-4084-5,no,no
A1JKXE0BTOBE57,A1JKXE0BTOBE57-1-9172-6,Positive,Positive
A2WP04RFZ9STGJ,A2WP04RFZ9STGJ-3-13861-5,killian,KILLIAN
A1JKXE0BTOBE57,A1JKXE0BTOBE57-1-19413-6,Positive,Positive
A2WP04RFZ9STGJ,A2WP04RFZ9STGJ-3-6367-5,5,4.0
AOGEGRPMKRKY,AOGEGRPMKRKY-1-17340-8,"Personal Growth","Health & Fitness"
AOGEGRPMKRKY,AOGEGRPMKRKY-1-8963-8,Neutral,Positive
AERIMXMAEESMI,AERIMXMAEESMI-1-16322-4,"Personal Growth","Personal Growth"
A1JKXE0BTOBE57,A1JKXE0BTOBE57-1-16537-6,Humor,"Personal Growth"
AOGEGRPMKRKY,AOGEGRPMKRKY-2-14162-9,true,False
AOGEGRPMKRKY,AOGEGRPMKRKY-2-7845-9,3,2.4
AOGEGRPMKRKY,AOGEGRPMKRKY-2-8882-9,"Photo unavailable",Neutral
A12M78R4SVDCV7,A12M78R4SVDCV7-1-13235-2,JuPia,JUPIA
A1JKXE0BTOBE57,A1JKXE0BTOBE57-2-19064-7,"Highly negative",Neutral
AOGEGRPMKRKY,AOGEGRPMKRKY-3-8563-10,Positive,Positive
AOGEGRPMKRKY,AOGEGRPMKRKY-3-15470-10,false,False
A1JKXE0BTOBE57,A1JKXE0BTOBE57-2-16140-7,"Personal Growth","Health & Fitness"
AOGEGRPMKRKY,AOGEGRPMKRKY-3-15301-10,false,False
AXID3RPK6NZT6,AXID3RPK6NZT6-1-15957-13,false,False
A1JKXE0BTOBE57,A1JKXE0BTOBE57-2-14483-7,false,False
AXID3RPK6NZT6,AXID3RPK6NZT6-1-18551-13,"Highly positive",Neutral
A1JKXE0BTOBE57,A1JKXE0BTOBE57-3-8701-8,Positive,Positive
AXID3RPK6NZT6,AXID3RPK6NZT6-1-13231-13,Allan,ALLAN
AXID3RPK6NZT6,AXID3RPK6NZT6-2-11975-14,plain,plain
A1JKXE0BTOBE57,A1JKXE0BTOBE57-3-17159-8,"Time Management/Organization","Recreation & Leisure"
AXID3RPK6NZT6,AXID3RPK6NZT6-2-7774-14,4,3.33
AXID3RPK6NZT6,AXID3RPK6NZT6-2-14504-14,false,False
A1JKXE0BTOBE57,A1JKXE0BTOBE57-3-11311-8,plain,plain
A12M78R4SVDCV7,A12M78R4SVDCV7-2-17481-3,"Personal Growth","Personal Growth"
A12M78R4SVDCV7,A12M78R4SVDCV7-2-14473-3,false,False
AXID3RPK6NZT6,AXID3RPK6NZT6-3-2446-15,7,7.0
AXID3RPK6NZT6,AXID3RPK6NZT6-3-11537-15,floral,floral
AXID3RPK6NZT6,AXID3RPK6NZT6-3-10673-15,tribal,animal
A12M78R4SVDCV7,A12M78R4SVDCV7-3-14863-4,false,False
A12M78R4SVDCV7,A12M78R4SVDCV7-3-6458-4,4,3.0
A247TCDIBB07JC,A247TCDIBB07JC-1-13224-17,LUCiLLE,LUCILLE
A12M78R4SVDCV7,A12M78R4SVDCV7-3-11748-4,scales,floral
A2O0J4VZL3EJL2,A2O0J4VZL3EJL2-1-3072-19,2,1.0
A247TCDIBB07JC,A247TCDIBB07JC-1-9559-17,Positive,Positive
A247TCDIBB07JC,A247TCDIBB07JC-1-11146-17,plain,plain
A2O0J4VZL3EJL2,A2O0J4VZL3EJL2-1-1383-19,Yes,Yes
A247TCDIBB07JC,A247TCDIBB07JC-2-3135-18,1,1.0
A2O0J4VZL3EJL2,A2O0J4VZL3EJL2-1-14318-19,false,False
AT4WOAQUBY4I9,AT4WOAQUBY4I9-1-2850-20,1,1.0
A247TCDIBB07JC,A247TCDIBB07JC-2-983-18,"I can't tell",Yes
A247TCDIBB07JC,A247TCDIBB07JC-2-15249-18,false,False
A247TCDIBB07JC,A247TCDIBB07JC-3-9581-19,Neutral,Positive
A2O0J4VZL3EJL2,A2O0J4VZL3EJL2-2-6884-20,5,3.2
A247TCDIBB07JC,A247TCDIBB07JC-3-8625-19,Positive,Positive
AT4WOAQUBY4I9,AT4WOAQUBY4I9-1-18684-20,Neutral,Neutral
A9NRPV1G84HSL,A9NRPV1G84HSL-1-16871-25,"Personal Growth",Humor
A247TCDIBB07JC,A247TCDIBB07JC-3-19355-19,Neutral,Neutral
AT4WOAQUBY4I9,AT4WOAQUBY4I9-2-13036-21,Maylis,MAYLIS
A9NRPV1G84HSL,A9NRPV1G84HSL-1-1053-25,No,"I can't tell"
AT4WOAQUBY4I9,AT4WOAQUBY4I9-2-7924-21,5,4.4
A2O0J4VZL3EJL2,A2O0J4VZL3EJL2-2-18482-20,"Highly positive",Neutral
AT4WOAQUBY4I9,AT4WOAQUBY4I9-2-12995-21,Clement,CLEMENT
A9NRPV1G84HSL,A9NRPV1G84HSL-2-4247-26,yes,yes
A9NRPV1G84HSL,A9NRPV1G84HSL-2-10413-26,plain,plain
A2O0J4VZL3EJL2,A2O0J4VZL3EJL2-2-11106-20,floral,floral
AT4WOAQUBY4I9,AT4WOAQUBY4I9-3-15971-22,false,False
A9NRPV1G84HSL,A9NRPV1G84HSL-2-13483-26,Elisa,ELISA
AT4WOAQUBY4I9,AT4WOAQUBY4I9-3-11653-22,floral,floral
A1ZCW9H86VFIBE,A1ZCW9H86VFIBE-1-3883-31,6,1.25
AT4WOAQUBY4I9,AT4WOAQUBY4I9-3-13466-22,Antoine,ANTOINE
A1ZCW9H86VFIBE,A1ZCW9H86VFIBE-1-8753-31,Positive,Positive
A1ZCW9H86VFIBE,A1ZCW9H86VFIBE-1-19090-31,Negative,Neutral
A9NRPV1G84HSL,A9NRPV1G84HSL-3-19765-27,Positive,Positive
A9NRPV1G84HSL,A9NRPV1G84HSL-3-14332-27,false,False
A5FUU339LEP25,A5FUU339LEP25-1-3786-23,6,1.25
A1ZCW9H86VFIBE,A1ZCW9H86VFIBE-2-12300-32,baptise,BAPTISTE
A5FUU339LEP25,A5FUU339LEP25-1-18919-23,Neutral,Neutral
A1ZCW9H86VFIBE,A1ZCW9H86VFIBE-2-19050-32,Neutral,Negative
A5FUU339LEP25,A5FUU339LEP25-1-13009-23,LUCY,LUCY
A1ZCW9H86VFIBE,A1ZCW9H86VFIBE-3-5388-33,yes,unk
A5FUU339LEP25,A5FUU339LEP25-2-3321-24,5,1.0
A1ZCW9H86VFIBE,A1ZCW9H86VFIBE-3-17821-33,"Recreation & Leisure","Personal Growth"
A5FUU339LEP25,A5FUU339LEP25-2-7706-24,4,3.67
A2O0J4VZL3EJL2,A2O0J4VZL3EJL2-3-4581-21,unk,unk
A5FUU339LEP25,A5FUU339LEP25-2-12609-24,ABDERRAHINE,ABDERRAMINE
A5FUU339LEP25,A5FUU339LEP25-3-16283-25,"Recreation & Leisure","Recreation & Leisure"
A2O0J4VZL3EJL2,A2O0J4VZL3EJL2-3-10993-21,plain,plain
A5FUU339LEP25,A5FUU339LEP25-3-18625-25,Positive,Positive
A5FUU339LEP25,A5FUU339LEP25-3-11540-25,plain,plain
A2O0J4VZL3EJL2,A2O0J4VZL3EJL2-3-10520-21,plain,plain
A3RB849M3Q6RPL,A3RB849M3Q6RPL-1-15643-36,false,False
A3VLGVKJOHU58D,A3VLGVKJOHU58D-1-17181-37,Family/Friends/Relationships,Family/Friends/Relationships
A3VLGVKJOHU58D,A3VLGVKJOHU58D-3-13506-39,"LOLA Gilblas","LOLA GILBLAS"
A3SBNJPZS7E2AX,A3SBNJPZS7E2AX-1-5104-40,no,no
A3SBNJPZS7E2AX,A3SBNJPZS7E2AX-1-9015-40,"Photo unavailable",Neutral
A3SBNJPZS7E2AX,A3SBNJPZS7E2AX-1-10025-40,plain,plain
A3SBNJPZS7E2AX,A3SBNJPZS7E2AX-2-5011-41,no,no
A3SBNJPZS7E2AX,A3SBNJPZS7E2AX-2-8589-41,Positive,Positive
A3SBNJPZS7E2AX,A3SBNJPZS7E2AX-2-10541-41,floral,floral
A1OSESE6RG3NFB,A1OSESE6RG3NFB-1-4730-42,no,yes
A1OSESE6RG3NFB,A1OSESE6RG3NFB-1-18346-42,Neutral,Neutral
A1OSESE6RG3NFB,A1OSESE6RG3NFB-1-16664-42,"Health & Fitness","Health & Fitness"
A1OSESE6RG3NFB,A1OSESE6RG3NFB-2-4691-43,unk,no
A1OSESE6RG3NFB,A1OSESE6RG3NFB-2-6834-43,5,3.2
A1OSESE6RG3NFB,A1OSESE6RG3NFB-2-1095-43,Yes,Yes
A1OSESE6RG3NFB,A1OSESE6RG3NFB-3-4963-44,no,no
A1OSESE6RG3NFB,A1OSESE6RG3NFB-3-9041-44,Positive,Positive
A1OSESE6RG3NFB,A1OSESE6RG3NFB-3-7278-44,5,3.8
A3UNKB1RRNN2FT,A3UNKB1RRNN2FT-1-15632-49,false,False
A3UNKB1RRNN2FT,A3UNKB1RRNN2FT-1-7476-49,5,3.2
A3UNKB1RRNN2FT,A3UNKB1RRNN2FT-1-10581-49,floral,floral
A1IH7F19OWLD3A,A1IH7F19OWLD3A-1-709-48,Yes,Yes
A3UNKB1RRNN2FT,A3UNKB1RRNN2FT-2-2864-50,1,1.0
A3UNKB1RRNN2FT,A3UNKB1RRNN2FT-2-19038-50,"Highly positive",Neutral
A3UNKB1RRNN2FT,A3UNKB1RRNN2FT-2-12671-50,AMBRE,AMBRE
A3UNKB1RRNN2FT,A3UNKB1RRNN2FT-3-8174-51,"Highly positive",Positive
A3UNKB1RRNN2FT,A3UNKB1RRNN2FT-3-18831-51,Neutral,Neutral
A3UNKB1RRNN2FT,A3UNKB1RRNN2FT-3-14304-51,false,False
A1IH7F19OWLD3A,A1IH7F19OWLD3A-1-11060-48,plain,plain
A1IH7F19OWLD3A,A1IH7F19OWLD3A-2-3404-49,1,1.0
A1IH7F19OWLD3A,A1IH7F19OWLD3A-2-8809-49,Positive,Positive
A1IH7F19OWLD3A,A1IH7F19OWLD3A-2-16239-49,Finance,Finance
A1IH7F19OWLD3A,A1IH7F19OWLD3A-3-7762-50,5,3.33
A1IH7F19OWLD3A,A1IH7F19OWLD3A-3-15213-50,false,False
A2RLY2I4U06ETD,A2RLY2I4U06ETD-1-14707-55,false,False
A2RLY2I4U06ETD,A2RLY2I4U06ETD-2-11850-56,other,cartoon
A2RLY2I4U06ETD,A2RLY2I4U06ETD-2-1837-56,No,Yes
A2RLY2I4U06ETD,A2RLY2I4U06ETD-3-7329-57,4,4.2
A2RLY2I4U06ETD,A2RLY2I4U06ETD-3-14695-57,false,False
A2RLY2I4U06ETD,A2RLY2I4U06ETD-3-13349-57,YLLONA,YLLONA
AWU522IJMK5EB,AWU522IJMK5EB-1-5982-58,no,no
AWU522IJMK5EB,AWU522IJMK5EB-1-12048-58,ELOISE,ELOISE
AWU522IJMK5EB,AWU522IJMK5EB-1-858-58,No,"I can't tell"
AWU522IJMK5EB,AWU522IJMK5EB-2-3772-59,1,1.25
AWU522IJMK5EB,AWU522IJMK5EB-2-9084-59,"Highly negative",Negative
AWU522IJMK5EB,AWU522IJMK5EB-2-12706-59,LANCELOT,LANCELOT
AWU522IJMK5EB,AWU522IJMK5EB-3-5908-60,no,unk
AWU522IJMK5EB,AWU522IJMK5EB-3-11813-60,plain,plain
AWU522IJMK5EB,AWU522IJMK5EB-3-12157-60,ALEXANDRE,ALEXANDRE
ACGTDVVR5QSOS,ACGTDVVR5QSOS-1-5295-61,no,no
ACGTDVVR5QSOS,ACGTDVVR5QSOS-1-10201-61,other,plain
ACGTDVVR5QSOS,ACGTDVVR5QSOS-1-18192-61,Neutral,Neutral
ACGTDVVR5QSOS,ACGTDVVR5QSOS-2-5731-62,yes,yes
ACGTDVVR5QSOS,ACGTDVVR5QSOS-2-7629-62,4,3.71
ACGTDVVR5QSOS,ACGTDVVR5QSOS-2-18876-62,Positive,Neutral
ACGTDVVR5QSOS,ACGTDVVR5QSOS-3-12179-63,Fanny,FANNY
ACGTDVVR5QSOS,ACGTDVVR5QSOS-3-14127-63,false,True
A27U5WX9V0HHUV,A27U5WX9V0HHUV-1-3194-65,1,1.0
A27U5WX9V0HHUV,A27U5WX9V0HHUV-1-17825-65,"Recreation & Leisure","Recreation & Leisure"
A27U5WX9V0HHUV,A27U5WX9V0HHUV-1-10838-65,other,plain
A27U5WX9V0HHUV,A27U5WX9V0HHUV-2-7026-66,3,3.8
A27U5WX9V0HHUV,A27U5WX9V0HHUV-2-8648-66,"Highly positive",Positive
A2YE2I9DYV9OKW,A2YE2I9DYV9OKW-1-7546-67,4,3.8
A27U5WX9V0HHUV,A27U5WX9V0HHUV-2-16996-66,"Recreation & Leisure","Recreation & Leisure"
A27U5WX9V0HHUV,A27U5WX9V0HHUV-3-9753-67,"Photo unavailable",Positive
A2YE2I9DYV9OKW,A2YE2I9DYV9OKW-1-16191-67,"Time Management/Organization","Personal Growth"
A27U5WX9V0HHUV,A27U5WX9V0HHUV-3-4451-67,yes,yes
A2YE2I9DYV9OKW,A2YE2I9DYV9OKW-1-11488-67,plain,plain
A27U5WX9V0HHUV,A27U5WX9V0HHUV-3-1342-67,Yes,Yes
A2YE2I9DYV9OKW,A2YE2I9DYV9OKW-2-17625-68,Humor,"Recreation & Leisure"
A2YE2I9DYV9OKW,A2YE2I9DYV9OKW-2-3318-68,1,1.0
A2YE2I9DYV9OKW,A2YE2I9DYV9OKW-2-18229-68,Neutral,Neutral
A2YE2I9DYV9OKW,A2YE2I9DYV9OKW-3-9368-69,Neutral,Positive
A2YE2I9DYV9OKW,A2YE2I9DYV9OKW-3-4837-69,unk,yes
A2YE2I9DYV9OKW,A2YE2I9DYV9OKW-3-1263-69,No,"I can't tell"
A1TD4U50L2VDMO,A1TD4U50L2VDMO-1-5743-71,no,no
A1TD4U50L2VDMO,A1TD4U50L2VDMO-1-8852-71,Positive,Positive
A1TD4U50L2VDMO,A1TD4U50L2VDMO-1-12490-71,Julie,JULIE
A1TD4U50L2VDMO,A1TD4U50L2VDMO-2-19300-72,Positive,Neutral
A1TD4U50L2VDMO,A1TD4U50L2VDMO-2-1740-72,Yes,Yes
A1TD4U50L2VDMO,A1TD4U50L2VDMO-2-17549-72,"Personal Growth",Humor
A1TD4U50L2VDMO,A1TD4U50L2VDMO-3-4056-73,no,unk
A1TD4U50L2VDMO,A1TD4U50L2VDMO-3-2678-73,4,1.0
A1TD4U50L2VDMO,A1TD4U50L2VDMO-3-6238-73,5,3.0
A1H0QGA8A42RDD,A1H0QGA8A42RDD-1-3806-74,1,1.25
A1H0QGA8A42RDD,A1H0QGA8A42RDD-1-17856-74,Finance,Finance
A1H0QGA8A42RDD,A1H0QGA8A42RDD-1-14788-74,false,False
A1H0QGA8A42RDD,A1H0QGA8A42RDD-2-16853-75,"Personal Growth","Personal Growth"
A1CZ2GB5LZ9O5H,A1CZ2GB5LZ9O5H-1-1963-77,Yes,Yes
A1H0QGA8A42RDD,A1H0QGA8A42RDD-2-15416-75,false,False
ATHC8V87MPHHW,ATHC8V87MPHHW-1-4711-76,no,yes
A1CZ2GB5LZ9O5H,A1CZ2GB5LZ9O5H-1-16203-77,"Personal Growth",Humor
ATHC8V87MPHHW,ATHC8V87MPHHW-1-4456-76,no,yes
A1CZ2GB5LZ9O5H,A1CZ2GB5LZ9O5H-2-2667-78,1,1.0
ASW8M4F98R3R6,ASW8M4F98R3R6-1-4561-79,no,no
A1CZ2GB5LZ9O5H,A1CZ2GB5LZ9O5H-2-4474-78,yes,yes
A1H0QGA8A42RDD,A1H0QGA8A42RDD-3-16186-76,"Personal Growth","Personal Growth"
ATHC8V87MPHHW,ATHC8V87MPHHW-1-15136-76,false,False
A1CZ2GB5LZ9O5H,A1CZ2GB5LZ9O5H-2-19879-78,Neutral,Neutral
ASW8M4F98R3R6,ASW8M4F98R3R6-1-17643-79,Humor,"Health & Fitness"
ATHC8V87MPHHW,ATHC8V87MPHHW-2-4871-77,no,no
A1CZ2GB5LZ9O5H,A1CZ2GB5LZ9O5H-3-3663-79,2,1.25
ASW8M4F98R3R6,ASW8M4F98R3R6-1-16207-79,"Recreation & Leisure",Humor
ATHC8V87MPHHW,ATHC8V87MPHHW-2-1097-77,"I can't tell","I can't tell"
A1CZ2GB5LZ9O5H,A1CZ2GB5LZ9O5H-3-1792-79,"I can't tell",Yes
A1CZ2GB5LZ9O5H,A1CZ2GB5LZ9O5H-3-19624-79,"Highly positive","Highly positive"
ATHC8V87MPHHW,ATHC8V87MPHHW-2-15577-77,false,False
ATHC8V87MPHHW,ATHC8V87MPHHW-3-5388-78,no,unk
ASW8M4F98R3R6,ASW8M4F98R3R6-2-17311-80,Family/Friends/Relationships,"Personal Growth"
ASW8M4F98R3R6,ASW8M4F98R3R6-2-14571-80,false,False
A1H0QGA8A42RDD,A1H0QGA8A42RDD-3-10260-76,floral,floral
ATHC8V87MPHHW,ATHC8V87MPHHW-3-9057-78,"Highly positive",Positive
ASW8M4F98R3R6,ASW8M4F98R3R6-3-18559-81,Positive,Neutral
ATHC8V87MPHHW,ATHC8V87MPHHW-3-13891-78,CLEMENTINE,CLEMENTINE
ASW8M4F98R3R6,ASW8M4F98R3R6-3-13156-81,Isaure,ISAURE
A1H0QGA8A42RDD,A1H0QGA8A42RDD-3-10692-76,other,plain
A37O5SYY9VWSPY,A37O5SYY9VWSPY-1-4420-86,no,yes
A37O5SYY9VWSPY,A37O5SYY9VWSPY-1-18099-86,Neutral,"Highly negative"
A37O5SYY9VWSPY,A37O5SYY9VWSPY-1-14606-86,false,False
A37O5SYY9VWSPY,A37O5SYY9VWSPY-2-14506-87,false,False
A37O5SYY9VWSPY,A37O5SYY9VWSPY-2-10831-87,other,plain
A2SS9E4UEZLVXR,A2SS9E4UEZLVXR-1-2042-89,7,7.0
A37O5SYY9VWSPY,A37O5SYY9VWSPY-2-217-87,Yes,Yes
A2SS9E4UEZLVXR,A2SS9E4UEZLVXR-1-17959-89,Career,Education/Training
A37O5SYY9VWSPY,A37O5SYY9VWSPY-3-16979-88,Humor,"Personal Growth"
A2SS9E4UEZLVXR,A2SS9E4UEZLVXR-1-19369-89,Negative,Neutral
A37O5SYY9VWSPY,A37O5SYY9VWSPY-3-14846-88,false,False
A2SS9E4UEZLVXR,A2SS9E4UEZLVXR-2-13767-90,Kylian,KYLIAN
A2SS9E4UEZLVXR,A2SS9E4UEZLVXR-2-16663-90,"Recreation & Leisure",Humor
A2SS9E4UEZLVXR,A2SS9E4UEZLVXR-3-3445-91,1,1.0
A2SS9E4UEZLVXR,A2SS9E4UEZLVXR-3-17700-91,"Personal Growth","Personal Growth"
A2SS9E4UEZLVXR,A2SS9E4UEZLVXR-3-17447-91,Humor,Humor
A3KI03BD866OSJ,A3KI03BD866OSJ-1-4433-93,no,unk
A3KI03BD866OSJ,A3KI03BD866OSJ-1-12115-93,AMANDINE,AMANDINE
A3KI03BD866OSJ,A3KI03BD866OSJ-1-680-93,Yes,Yes
A3KI03BD866OSJ,A3KI03BD866OSJ-2-8271-94,"Photo unavailable",Neutral
A3KI03BD866OSJ,A3KI03BD866OSJ-2-7419-94,4,3.8
A3KI03BD866OSJ,A3KI03BD866OSJ-2-218-94,Yes,Yes
A3KI03BD866OSJ,A3KI03BD866OSJ-3-2729-95,3,2.0
A3KI03BD866OSJ,A3KI03BD866OSJ-3-18874-95,Neutral,Neutral
A3KI03BD866OSJ,A3KI03BD866OSJ-3-16748-95,"Health & Fitness","Health & Fitness"
A3GTPW3MYSLMR7,A3GTPW3MYSLMR7-1-7100-96,3,3.2
A3GTPW3MYSLMR7,A3GTPW3MYSLMR7-1-13706-96,Doriane,DORIANE
A3GTPW3MYSLMR7,A3GTPW3MYSLMR7-1-533-96,Yes,Yes
A3GTPW3MYSLMR7,A3GTPW3MYSLMR7-2-3140-97,1,1.0
A3GTPW3MYSLMR7,A3GTPW3MYSLMR7-2-10744-97,plain,plain
A3GTPW3MYSLMR7,A3GTPW3MYSLMR7-2-681-97,Yes,Yes
A3GTPW3MYSLMR7,A3GTPW3MYSLMR7-3-10962-98,plain,plain
A3GTPW3MYSLMR7,A3GTPW3MYSLMR7-3-10801-98,floral,floral
A3GTPW3MYSLMR7,A3GTPW3MYSLMR7-3-14302-98,false,False
A1302M0ITC18M,A1302M0ITC18M-1-3045-99,3,1.0
A1302M0ITC18M,A1302M0ITC18M-1-12519-99,mathilde,MATHILDE
A1302M0ITC18M,A1302M0ITC18M-1-17967-99,"Personal Growth","Personal Growth"
A1302M0ITC18M,A1302M0ITC18M-2-3504-100,1,1.25
A1302M0ITC18M,A1302M0ITC18M-2-10282-100,plain,plain
A1302M0ITC18M,A1302M0ITC18M-2-14064-100,true,False
A1302M0ITC18M,A1302M0ITC18M-3-7184-101,4,3.2
A1302M0ITC18M,A1302M0ITC18M-3-19756-101,Positive,Neutral
A1302M0ITC18M,A1302M0ITC18M-3-17389-101,"Recreation & Leisure","Personal Growth"
APF1EAZT104LQ,APF1EAZT104LQ-1-3663-102,1,1.25
APF1EAZT104LQ,APF1EAZT104LQ-1-9615-102,Neutral,Positive
APF1EAZT104LQ,APF1EAZT104LQ-1-19261-102,Positive,Neutral
A3TS0KMBDEEUVX,A3TS0KMBDEEUVX-1-2912-104,2,1.0
A3TS0KMBDEEUVX,A3TS0KMBDEEUVX-1-347-104,Yes,"I can't tell"
A3TS0KMBDEEUVX,A3TS0KMBDEEUVX-1-15278-104,false,False
A3TS0KMBDEEUVX,A3TS0KMBDEEUVX-2-8806-105,Negative,Positive
A3TS0KMBDEEUVX,A3TS0KMBDEEUVX-2-19280-105,"Highly positive",Neutral
A2RTQ2U1VT7JQ9,A2RTQ2U1VT7JQ9-1-9288-105,Positive,Neutral
A2RTQ2U1VT7JQ9,A2RTQ2U1VT7JQ9-1-17885-105,"Personal Growth","Personal Growth"
A2RTQ2U1VT7JQ9,A2RTQ2U1VT7JQ9-2-3509-106,1,1.25
A3TS0KMBDEEUVX,A3TS0KMBDEEUVX-2-11186-105,floral,tribal
A2RTQ2U1VT7JQ9,A2RTQ2U1VT7JQ9-3-10543-107,stripes,stripes
A2RTQ2U1VT7JQ9,A2RTQ2U1VT7JQ9-3-5829-107,no,yes
A3TS0KMBDEEUVX,A3TS0KMBDEEUVX-3-9297-106,"Photo unavailable",Neutral
A2RTQ2U1VT7JQ9,A2RTQ2U1VT7JQ9-3-166-107,Yes,Yes
A2UXHHB01WOTI2,A2UXHHB01WOTI2-1-13313-109,MAXYNE,MAXYNE
A2UXHHB01WOTI2,A2UXHHB01WOTI2-2-2-110,Yes,Yes
A3TS0KMBDEEUVX,A3TS0KMBDEEUVX-3-16221-106,"Recreation & Leisure","Recreation & Leisure"
A2UXHHB01WOTI2,A2UXHHB01WOTI2-2-751-110,Yes,Yes
A2UXHHB01WOTI2,A2UXHHB01WOTI2-3-7998-111,5,3.6
A3TS0KMBDEEUVX,A3TS0KMBDEEUVX-3-14281-106,true,False
A2UXHHB01WOTI2,A2UXHHB01WOTI2-3-1360-111,Yes,No
A2UXHHB01WOTI2,A2UXHHB01WOTI2-3-15880-111,false,False
A37O3HJJMP5CB2,A37O3HJJMP5CB2-1-10361-114,floral,floral
A37O3HJJMP5CB2,A37O3HJJMP5CB2-2-13977-115,"ALAUZEN YSALINE",YSALINE
A37O3HJJMP5CB2,A37O3HJJMP5CB2-3-15842-116,false,False
AAAIZU66Q9K7G,AAAIZU66Q9K7G-1-8662-117,"Highly positive",Positive
AAAIZU66Q9K7G,AAAIZU66Q9K7G-1-18986-117,Positive,Neutral
A2V8IQ87DYKZCD,A2V8IQ87DYKZCD-1-14243-118,false,False
A2V8IQ87DYKZCD,A2V8IQ87DYKZCD-1-7648-118,2,1.32
A2V8IQ87DYKZCD,A2V8IQ87DYKZCD-1-388-118,Yes,"I can't tell"
A2V8IQ87DYKZCD,A2V8IQ87DYKZCD-2-5056-119,no,no
A2V8IQ87DYKZCD,A2V8IQ87DYKZCD-2-18638-119,Negative,Neutral
A2V8IQ87DYKZCD,A2V8IQ87DYKZCD-2-11827-119,plain,plain
A2V8IQ87DYKZCD,A2V8IQ87DYKZCD-3-6699-120,4,3.17
A2V8IQ87DYKZCD,A2V8IQ87DYKZCD-3-17894-120,Humor,Humor
A2V8IQ87DYKZCD,A2V8IQ87DYKZCD-3-11209-120,plain,plain
A5YZP8WWJ86WA,A5YZP8WWJ86WA-1-19212-121,Neutral,Neutral
A5YZP8WWJ86WA,A5YZP8WWJ86WA-1-13928-121,Marids,MAURIUS
A5YZP8WWJ86WA,A5YZP8WWJ86WA-2-4838-122,yes,no
A5YZP8WWJ86WA,A5YZP8WWJ86WA-2-19691-122,"Highly positive","Highly positive"
A5YZP8WWJ86WA,A5YZP8WWJ86WA-2-11492-122,plain,plain
A5YZP8WWJ86WA,A5YZP8WWJ86WA-3-1072-123,Yes,Yes
A5YZP8WWJ86WA,A5YZP8WWJ86WA-3-10952-123,floral,floral
A5YZP8WWJ86WA,A5YZP8WWJ86WA-3-14769-123,true,False
A2N10QFJ8OCU2T,A2N10QFJ8OCU2T-1-17222-124,Humor,Humor
A2N10QFJ8OCU2T,A2N10QFJ8OCU2T-1-10015-124,floral,floral
A2N10QFJ8OCU2T,A2N10QFJ8OCU2T-1-3031-124,3,1.0
AOY5CF0UQUMO2,AOY5CF0UQUMO2-1-7371-125,5,3.2
AOY5CF0UQUMO2,AOY5CF0UQUMO2-1-12115-125,AMANDINE,AMANDINE
AOY5CF0UQUMO2,AOY5CF0UQUMO2-1-10654-125,stripes,stripes
AOY5CF0UQUMO2,AOY5CF0UQUMO2-2-8160-126,"Photo unavailable",Neutral
AOY5CF0UQUMO2,AOY5CF0UQUMO2-2-4475-126,yes,yes
AOY5CF0UQUMO2,AOY5CF0UQUMO2-2-10085-126,plain,plain
AOY5CF0UQUMO2,AOY5CF0UQUMO2-3-13130-127,MAXIME,MAXIME
AOY5CF0UQUMO2,AOY5CF0UQUMO2-3-19165-127,Negative,Negative
AOY5CF0UQUMO2,AOY5CF0UQUMO2-3-11637-127,plain,plain
A1MJX6Q6BTWA6,A1MJX6Q6BTWA6-1-18830-128,Negative,Positive
A1MJX6Q6BTWA6,A1MJX6Q6BTWA6-1-12347-128,ILHAM,ILHAM
A1MJX6Q6BTWA6,A1MJX6Q6BTWA6-2-9800-129,Neutral,Negative
A1MJX6Q6BTWA6,A1MJX6Q6BTWA6-2-19942-129,Positive,Positive
A1MJX6Q6BTWA6,A1MJX6Q6BTWA6-2-10767-129,floral,floral
A1MJX6Q6BTWA6,A1MJX6Q6BTWA6-3-16637-130,Education/Training,Career
A1MJX6Q6BTWA6,A1MJX6Q6BTWA6-3-7846-130,3,2.6
A1MJX6Q6BTWA6,A1MJX6Q6BTWA6-3-6069-130,3,3.0
A1I23EV4D72JBL,A1I23EV4D72JBL-1-10008-131,plain,plain
A1I23EV4D72JBL,A1I23EV4D72JBL-1-14044-131,false,False
A1I23EV4D72JBL,A1I23EV4D72JBL-1-17616-131,"Personal Growth","Personal Growth"
A1I23EV4D72JBL,A1I23EV4D72JBL-2-17010-132,Family/Friends/Relationships,Family/Friends/Relationships
A1I23EV4D72JBL,A1I23EV4D72JBL-2-15138-132,false,False
A1I23EV4D72JBL,A1I23EV4D72JBL-2-18061-132,Negative,Neutral
A1I23EV4D72JBL,A1I23EV4D72JBL-3-15883-133,false,True
A1I23EV4D72JBL,A1I23EV4D72JBL-3-1736-133,No,Yes
A1I23EV4D72JBL,A1I23EV4D72JBL-3-16556-133,"Personal Growth",Humor
A1WWRDX5HQ1WOK,A1WWRDX5HQ1WOK-1-2814-134,1,1.0
A1WWRDX5HQ1WOK,A1WWRDX5HQ1WOK-1-5358-134,no,no
A1WWRDX5HQ1WOK,A1WWRDX5HQ1WOK-1-15716-134,false,False
A1WWRDX5HQ1WOK,A1WWRDX5HQ1WOK-2-3290-135,1,1.0
A1WWRDX5HQ1WOK,A1WWRDX5HQ1WOK-2-5495-135,no,no
A1WWRDX5HQ1WOK,A1WWRDX5HQ1WOK-2-7826-135,2,1.6
A1WWRDX5HQ1WOK,A1WWRDX5HQ1WOK-3-2636-136,1,5.0
A1WWRDX5HQ1WOK,A1WWRDX5HQ1WOK-3-16384-136,"Personal Growth","Personal Growth"
A1WWRDX5HQ1WOK,A1WWRDX5HQ1WOK-3-1813-136,Yes,Yes
A23FMK3IDMUAXQ,A23FMK3IDMUAXQ-1-14550-137,false,False
A23FMK3IDMUAXQ,A23FMK3IDMUAXQ-3-17347-139,"Health & Fitness","Health & Fitness"
A23FMK3IDMUAXQ,A23FMK3IDMUAXQ-3-16003-139,Humor,"Personal Growth"
A23FMK3IDMUAXQ,A23FMK3IDMUAXQ-3-373-139,No,"I can't tell"
A3RU32R4540CQP,A3RU32R4540CQP-1-8549-140,"Photo unavailable",Positive
A3RU32R4540CQP,A3RU32R4540CQP-1-11891-140,plain,plain
A3RU32R4540CQP,A3RU32R4540CQP-2-13939-141,Nathanael,NATHANAEL
A3RU32R4540CQP,A3RU32R4540CQP-2-10356-141,plain,plain
A3RU32R4540CQP,A3RU32R4540CQP-2-15487-141,false,False
A3RU32R4540CQP,A3RU32R4540CQP-3-19347-142,Negative,Neutral
A3RU32R4540CQP,A3RU32R4540CQP-3-11878-142,plain,plain
A2AJIKFMHK85XN,A2AJIKFMHK85XN-3-13946-145,LEO,LEO
A3TYHZ5RGDBRSN,A3TYHZ5RGDBRSN-1-670-146,Yes,Yes
A3TYHZ5RGDBRSN,A3TYHZ5RGDBRSN-1-19606-146,Negative,Neutral
A3TYHZ5RGDBRSN,A3TYHZ5RGDBRSN-2-4776-147,yes,yes
A3TYHZ5RGDBRSN,A3TYHZ5RGDBRSN-2-3208-147,1,1.0
A3TYHZ5RGDBRSN,A3TYHZ5RGDBRSN-2-19534-147,Neutral,Neutral
A3TYHZ5RGDBRSN,A3TYHZ5RGDBRSN-3-560-148,Yes,Yes
A3TYHZ5RGDBRSN,A3TYHZ5RGDBRSN-3-17725-148,Career,"Recreation & Leisure"
A3TYHZ5RGDBRSN,A3TYHZ5RGDBRSN-3-10096-148,tribal,animal
A1YTKIM7NU5MGV,A1YTKIM7NU5MGV-1-8665-149,Positive,Positive
A1YTKIM7NU5MGV,A1YTKIM7NU5MGV-1-19310-149,Positive,Positive
A1YTKIM7NU5MGV,A1YTKIM7NU5MGV-1-13022-149,LEA,LEA
A1YTKIM7NU5MGV,A1YTKIM7NU5MGV-2-8386-150,Neutral,Positive
A1YTKIM7NU5MGV,A1YTKIM7NU5MGV-2-2264-150,7,7.0
A1YTKIM7NU5MGV,A1YTKIM7NU5MGV-2-13364-150,EMHA,EMMA
A1YTKIM7NU5MGV,A1YTKIM7NU5MGV-3-7699-151,4,4.33
A1YTKIM7NU5MGV,A1YTKIM7NU5MGV-3-5004-151,no,no
A1YTKIM7NU5MGV,A1YTKIM7NU5MGV-3-1459-151,Yes,"I can't tell"
A1THSBWV04YAIK,A1THSBWV04YAIK-1-11273-152,plain,plain
A1THSBWV04YAIK,A1THSBWV04YAIK-1-12854-152,Eva,EVA
A1THSBWV04YAIK,A1THSBWV04YAIK-1-19408-152,Neutral,Neutral
A1THSBWV04YAIK,A1THSBWV04YAIK-2-9210-153,"Highly positive",Positive
A1THSBWV04YAIK,A1THSBWV04YAIK-2-12582-153,Victor,VICTOR
A1THSBWV04YAIK,A1THSBWV04YAIK-2-16924-153,Family/Friends/Relationships,Humor
A1THSBWV04YAIK,A1THSBWV04YAIK-3-11863-154,plain,plain
A1THSBWV04YAIK,A1THSBWV04YAIK-3-11168-154,plain,plain
A1THSBWV04YAIK,A1THSBWV04YAIK-3-18058-154,Neutral,Neutral
A15K9SBS04KPH7,A15K9SBS04KPH7-1-18137-155,Positive,Neutral
A15K9SBS04KPH7,A15K9SBS04KPH7-1-5679-155,no,no
A15K9SBS04KPH7,A15K9SBS04KPH7-1-18012-155,Positive,Neutral
A15K9SBS04KPH7,A15K9SBS04KPH7-2-6284-156,4,4.0
A15K9SBS04KPH7,A15K9SBS04KPH7-2-15086-156,false,False
A15K9SBS04KPH7,A15K9SBS04KPH7-2-18882-156,Positive,Neutral
A15K9SBS04KPH7,A15K9SBS04KPH7-3-11873-157,floral,floral
AYDIZBR38B0TY,AYDIZBR38B0TY-1-16819-156,Humor,Humor
A15K9SBS04KPH7,A15K9SBS04KPH7-3-3426-157,1,1.0
AYDIZBR38B0TY,AYDIZBR38B0TY-1-12831-156,AyEL,AXEL
A15K9SBS04KPH7,A15K9SBS04KPH7-3-12409-157,LIZZIE,LIZZIE
AYDIZBR38B0TY,AYDIZBR38B0TY-2-5883-157,no,unk
AYDIZBR38B0TY,AYDIZBR38B0TY-2-19373-157,Positive,Neutral
AYDIZBR38B0TY,AYDIZBR38B0TY-2-626-157,Yes,Yes
AYDIZBR38B0TY,AYDIZBR38B0TY-3-580-158,No,Yes
AYDIZBR38B0TY,AYDIZBR38B0TY-3-1996-158,Yes,Yes
AI53187KJ6PXV,AI53187KJ6PXV-1-1878-162,Yes,Yes
AI53187KJ6PXV,AI53187KJ6PXV-1-10810-162,plain,plain
AI53187KJ6PXV,AI53187KJ6PXV-2-5669-163,no,yes
AI53187KJ6PXV,AI53187KJ6PXV-2-14645-163,false,False
A14BSOU2Y5JNT0,A14BSOU2Y5JNT0-1-3547-165,3,1.25
A14BSOU2Y5JNT0,A14BSOU2Y5JNT0-1-1543-165,Yes,"I can't tell"
A14BSOU2Y5JNT0,A14BSOU2Y5JNT0-1-1749-165,Yes,"I can't tell"
A14BSOU2Y5JNT0,A14BSOU2Y5JNT0-2-3942-166,2,1.25
A14BSOU2Y5JNT0,A14BSOU2Y5JNT0-2-11484-166,plain,plain
A14BSOU2Y5JNT0,A14BSOU2Y5JNT0-2-810-166,Yes,"I can't tell"
A14BSOU2Y5JNT0,A14BSOU2Y5JNT0-3-13218-167,"BAT, ILONA",ILONA
A14BSOU2Y5JNT0,A14BSOU2Y5JNT0-3-12241-167,ADRIEN,ADRIEN
A28QUR0QYD2WI7,A28QUR0QYD2WI7-1-11064-166,floral,floral
A14BSOU2Y5JNT0,A14BSOU2Y5JNT0-3-11078-167,ikat,plain
A28QUR0QYD2WI7,A28QUR0QYD2WI7-1-19408-166,Neutral,Neutral
A28QUR0QYD2WI7,A28QUR0QYD2WI7-2-4538-167,yes,yes
A28QUR0QYD2WI7,A28QUR0QYD2WI7-2-12709-167,"PIERRE- ANDRE","PIERRE ANDRE"
A28QUR0QYD2WI7,A28QUR0QYD2WI7-3-1212-168,"I can't tell",Yes
A267H808C339ZQ,A267H808C339ZQ-1-8404-171,"Highly positive",Positive
A267H808C339ZQ,A267H808C339ZQ-1-16675-171,Career,"Personal Growth"
A267H808C339ZQ,A267H808C339ZQ-1-11842-171,plain,plain
A267H808C339ZQ,A267H808C339ZQ-2-7536-172,5,3.2
A267H808C339ZQ,A267H808C339ZQ-2-15991-172,false,False
A267H808C339ZQ,A267H808C339ZQ-3-5931-173,unk,yes
A267H808C339ZQ,A267H808C339ZQ-3-18962-173,Positive,Neutral
A267H808C339ZQ,A267H808C339ZQ-3-13574-173,CASSANDRA,CASSANDRA
A2K6GAHX04JMQJ,A2K6GAHX04JMQJ-1-9188-175,Positive,Positive
A2K6GAHX04JMQJ,A2K6GAHX04JMQJ-1-19354-175,Positive,Neutral
A2K6GAHX04JMQJ,A2K6GAHX04JMQJ-1-14317-175,false,False
A2K6GAHX04JMQJ,A2K6GAHX04JMQJ-2-5387-176,no,no
A2K6GAHX04JMQJ,A2K6GAHX04JMQJ-2-16810-176,"Personal Growth",Humor
A2K6GAHX04JMQJ,A2K6GAHX04JMQJ-3-9427-177,"Highly positive",Positive
A2K6GAHX04JMQJ,A2K6GAHX04JMQJ-3-16133-177,Family/Friends/Relationships,Humor
A2K6GAHX04JMQJ,A2K6GAHX04JMQJ-3-15280-177,true,False
A3AYHESLQSDY5T,A3AYHESLQSDY5T-1-16278-177,Humor,"Personal Growth"
A3AYHESLQSDY5T,A3AYHESLQSDY5T-2-9611-178,"Highly positive",Positive
A3AYHESLQSDY5T,A3AYHESLQSDY5T-2-13245-178,ELITA,ELITA
A3AYHESLQSDY5T,A3AYHESLQSDY5T-2-17756-178,"Personal Growth",Humor
A3AYHESLQSDY5T,A3AYHESLQSDY5T-3-6341-179,4,3.0
A3AYHESLQSDY5T,A3AYHESLQSDY5T-3-2962-179,5,1.0
A3AYHESLQSDY5T,A3AYHESLQSDY5T-3-1934-179,Yes,"I can't tell"
A2DPNKRTDSDF7X,A2DPNKRTDSDF7X-1-5836-182,no,yes
A2DPNKRTDSDF7X,A2DPNKRTDSDF7X-1-16603-182,Humor,"Recreation & Leisure"
A2DPNKRTDSDF7X,A2DPNKRTDSDF7X-1-16903-182,"Recreation & Leisure","Personal Growth"
A2DPNKRTDSDF7X,A2DPNKRTDSDF7X-2-5064-183,no,no
A2DPNKRTDSDF7X,A2DPNKRTDSDF7X-2-10203-183,plain,plain
A2DPNKRTDSDF7X,A2DPNKRTDSDF7X-2-11395-183,plain,plain
A2DPNKRTDSDF7X,A2DPNKRTDSDF7X-3-9433-184,Neutral,Neutral
A2DPNKRTDSDF7X,A2DPNKRTDSDF7X-3-18456-184,Positive,Neutral
A2DPNKRTDSDF7X,A2DPNKRTDSDF7X-3-11625-184,"polka dot",plain
A20SI2XSAHUXP4,A20SI2XSAHUXP4-1-9596-185,Neutral,Neutral
A20SI2XSAHUXP4,A20SI2XSAHUXP4-1-18059-185,Positive,Positive
A20SI2XSAHUXP4,A20SI2XSAHUXP4-1-17286-185,"Health & Fitness","Health & Fitness"
A20SI2XSAHUXP4,A20SI2XSAHUXP4-2-16447-186,"Personal Growth","Personal Growth"
A20SI2XSAHUXP4,A20SI2XSAHUXP4-2-17846-186,"Health & Fitness","Health & Fitness"
A20SI2XSAHUXP4,A20SI2XSAHUXP4-3-11088-187,ikat,floral
A20SI2XSAHUXP4,A20SI2XSAHUXP4-3-18220-187,Positive,Positive
A20SI2XSAHUXP4,A20SI2XSAHUXP4-3-17415-187,"Personal Growth",Career
AEACA7THUTQLQ,AEACA7THUTQLQ-1-4218-189,unk,yes
AEACA7THUTQLQ,AEACA7THUTQLQ-1-7318-189,5,3.2
AEACA7THUTQLQ,AEACA7THUTQLQ-1-18709-189,Positive,Neutral
AEACA7THUTQLQ,AEACA7THUTQLQ-2-7265-190,5,3.8
AEACA7THUTQLQ,AEACA7THUTQLQ-2-217-190,Yes,Yes
AEACA7THUTQLQ,AEACA7THUTQLQ-2-19331-190,Neutral,Neutral
AEACA7THUTQLQ,AEACA7THUTQLQ-3-9921-191,"Highly positive",Positive
AEACA7THUTQLQ,AEACA7THUTQLQ-3-13978-191,ELITO,ELIOT
A1EA65VORB7TPU,A1EA65VORB7TPU-1-2440-188,7,7.0
AEACA7THUTQLQ,AEACA7THUTQLQ-3-19956-191,Positive,Positive
A1EA65VORB7TPU,A1EA65VORB7TPU-1-1602-188,"I can't tell","I can't tell"
A1EA65VORB7TPU,A1EA65VORB7TPU-2-12738-189,GAUTHIER,GAUTHIER
A3QTW23DMB8PHI,A3QTW23DMB8PHI-1-16670-193,Family/Friends/Relationships,"Personal Growth"
A3QTW23DMB8PHI,A3QTW23DMB8PHI-1-14207-193,false,False
A3QTW23DMB8PHI,A3QTW23DMB8PHI-1-14697-193,false,False
A1EA65VORB7TPU,A1EA65VORB7TPU-2-19010-189,Positive,Neutral
A3QTW23DMB8PHI,A3QTW23DMB8PHI-2-10106-194,floral,floral
A3QTW23DMB8PHI,A3QTW23DMB8PHI-2-13670-194,ATHYS,ATHYS
A3QTW23DMB8PHI,A3QTW23DMB8PHI-2-4575-194,yes,yes
A1EA65VORB7TPU,A1EA65VORB7TPU-3-17931-190,"Recreation & Leisure","Health & Fitness"
A2IQFNKKQ4VU1U,A2IQFNKKQ4VU1U-1-8201-197,"Highly positive",Positive
A2IQFNKKQ4VU1U,A2IQFNKKQ4VU1U-1-13708-197,ENZO,ENZO
A2IQFNKKQ4VU1U,A2IQFNKKQ4VU1U-1-18556-197,"Highly positive",Positive
A2IQFNKKQ4VU1U,A2IQFNKKQ4VU1U-2-11013-198,other,plain
A2IQFNKKQ4VU1U,A2IQFNKKQ4VU1U-2-19615-198,Negative,Negative
A2IQFNKKQ4VU1U,A2IQFNKKQ4VU1U-3-2624-199,1,1.0
A2IQFNKKQ4VU1U,A2IQFNKKQ4VU1U-3-7468-199,5,3.8
A2IQFNKKQ4VU1U,A2IQFNKKQ4VU1U-3-593-199,Yes,Yes
AS11VPZ1QAEQB,AS11VPZ1QAEQB-1-12444-200,ILONA,ILONA
AS11VPZ1QAEQB,AS11VPZ1QAEQB-1-16297-200,Career,Family/Friends/Relationships
ABVGS2Z9NNGD0,ABVGS2Z9NNGD0-1-3629-201,2,1.25
ABVGS2Z9NNGD0,ABVGS2Z9NNGD0-1-5275-201,yes,no
ABVGS2Z9NNGD0,ABVGS2Z9NNGD0-1-19981-201,Neutral,Positive
AS11VPZ1QAEQB,AS11VPZ1QAEQB-2-6906-201,4,3.2
ABVGS2Z9NNGD0,ABVGS2Z9NNGD0-2-15739-202,true,False
ABVGS2Z9NNGD0,ABVGS2Z9NNGD0-2-4718-202,no,no
AS11VPZ1QAEQB,AS11VPZ1QAEQB-2-61-201,"I can't tell",Yes
ABVGS2Z9NNGD0,ABVGS2Z9NNGD0-2-10481-202,scales,stripes
AS11VPZ1QAEQB,AS11VPZ1QAEQB-2-19801-201,Positive,Neutral
ABVGS2Z9NNGD0,ABVGS2Z9NNGD0-3-17257-203,"Personal Growth","Personal Growth"
ABVGS2Z9NNGD0,ABVGS2Z9NNGD0-3-14506-203,true,False
AS11VPZ1QAEQB,AS11VPZ1QAEQB-3-9516-202,Positive,Positive
AS11VPZ1QAEQB,AS11VPZ1QAEQB-3-622-202,Yes,Yes
AS11VPZ1QAEQB,AS11VPZ1QAEQB-3-14715-202,false,False
A1YJZESXJDG0XM,A1YJZESXJDG0XM-1-7325-206,5,4.2
A1YJZESXJDG0XM,A1YJZESXJDG0XM-1-11044-206,floral,floral
A1YJZESXJDG0XM,A1YJZESXJDG0XM-1-12140-206,"Maho Coral",MAHO
A1YJZESXJDG0XM,A1YJZESXJDG0XM-2-7200-207,5,3.8
A1Y6VKHS1762F7,A1Y6VKHS1762F7-1-12004-207,martin,MARTIN
A1YJZESXJDG0XM,A1YJZESXJDG0XM-2-17300-207,"Personal Growth","Personal Growth"
A1Y6VKHS1762F7,A1Y6VKHS1762F7-1-15853-207,false,True
A1YJZESXJDG0XM,A1YJZESXJDG0XM-3-9286-208,"Highly positive",Positive
A1YJZESXJDG0XM,A1YJZESXJDG0XM-3-16562-208,Family/Friends/Relationships,"Personal Growth"
A1YJZESXJDG0XM,A1YJZESXJDG0XM-3-15635-208,false,False
A1Y6VKHS1762F7,A1Y6VKHS1762F7-2-4462-208,no,yes
A1Y6VKHS1762F7,A1Y6VKHS1762F7-2-1806-208,Yes,Yes
A1Y6VKHS1762F7,A1Y6VKHS1762F7-2-16023-208,Family/Friends/Relationships,Humor
A1Y6VKHS1762F7,A1Y6VKHS1762F7-3-18574-209,"Highly negative",Neutral
A1Y6VKHS1762F7,A1Y6VKHS1762F7-3-16830-209,"Recreation & Leisure",Family/Friends/Relationships
A1Y6VKHS1762F7,A1Y6VKHS1762F7-3-19843-209,"Highly negative",Negative
A3DTPGXKABAFEJ,A3DTPGXKABAFEJ-1-10285-212,"polka dot","polka dot"
A3DTPGXKABAFEJ,A3DTPGXKABAFEJ-2-2165-213,7,7.0
A3DTPGXKABAFEJ,A3DTPGXKABAFEJ-2-10739-213,floral,floral
A3DTPGXKABAFEJ,A3DTPGXKABAFEJ-2-15736-213,false,False
A3DTPGXKABAFEJ,A3DTPGXKABAFEJ-3-9889-214,"Highly positive",Positive
A3DTPGXKABAFEJ,A3DTPGXKABAFEJ-3-18580-214,"Highly positive",Neutral
A3DTPGXKABAFEJ,A3DTPGXKABAFEJ-3-19766-214,"Highly positive",Neutral
A2DQ9P2NT6QN0U,A2DQ9P2NT6QN0U-1-8849-215,"Highly positive",Positive
A2DQ9P2NT6QN0U,A2DQ9P2NT6QN0U-1-3808-215,5,1.25
A2DQ9P2NT6QN0U,A2DQ9P2NT6QN0U-1-19385-215,Neutral,Neutral
A2DQ9P2NT6QN0U,A2DQ9P2NT6QN0U-2-4549-216,no,unk
A2DQ9P2NT6QN0U,A2DQ9P2NT6QN0U-2-8418-216,Positive,Neutral
A2DQ9P2NT6QN0U,A2DQ9P2NT6QN0U-2-18067-216,Positive,Neutral
A2DQ9P2NT6QN0U,A2DQ9P2NT6QN0U-3-3496-217,3,5.8
A2DQ9P2NT6QN0U,A2DQ9P2NT6QN0U-3-18250-217,Positive,Positive
AOEO9ZV81R0I4,AOEO9ZV81R0I4-1-5941-219,no,no
AOEO9ZV81R0I4,AOEO9ZV81R0I4-1-9704-219,"Highly positive",Positive
AOEO9ZV81R0I4,AOEO9ZV81R0I4-1-19366-219,Neutral,Neutral
AOEO9ZV81R0I4,AOEO9ZV81R0I4-2-414-220,No,"I can't tell"
AOEO9ZV81R0I4,AOEO9ZV81R0I4-2-12476-220,Clara,CLARA
AOEO9ZV81R0I4,AOEO9ZV81R0I4-2-15803-220,false,False
AOEO9ZV81R0I4,AOEO9ZV81R0I4-3-6205-221,4,3.0
AOEO9ZV81R0I4,AOEO9ZV81R0I4-3-16915-221,Family/Friends/Relationships,Family/Friends/Relationships
AOEO9ZV81R0I4,AOEO9ZV81R0I4-3-15935-221,false,False
A1JA3TW2Z2HPN2,A1JA3TW2Z2HPN2-1-4133-222,no,no
A1JA3TW2Z2HPN2,A1JA3TW2Z2HPN2-1-299-222,No,"I can't tell"
A1JA3TW2Z2HPN2,A1JA3TW2Z2HPN2-1-11561-222,animal,animal
A1JA3TW2Z2HPN2,A1JA3TW2Z2HPN2-2-5734-223,no,no
A1JA3TW2Z2HPN2,A1JA3TW2Z2HPN2-2-14777-223,false,False
A1JA3TW2Z2HPN2,A1JA3TW2Z2HPN2-2-6366-223,4,4.0
A1JA3TW2Z2HPN2,A1JA3TW2Z2HPN2-3-15996-224,false,False
A1JA3TW2Z2HPN2,A1JA3TW2Z2HPN2-3-898-224,"I can't tell","I can't tell"
A1JA3TW2Z2HPN2,A1JA3TW2Z2HPN2-3-15922-224,false,False
A33LPSMA0N618I,A33LPSMA0N618I-1-19429-225,Negative,"Highly negative"
A33LPSMA0N618I,A33LPSMA0N618I-1-1373-225,No,Yes
A33LPSMA0N618I,A33LPSMA0N618I-1-1775-225,No,Yes
A3RAL81XKTKNMS,A3RAL81XKTKNMS-1-18052-226,Neutral,Neutral
A3E9N7HDRLT8KV,A3E9N7HDRLT8KV-1-864-227,No,"I can't tell"
A3E9N7HDRLT8KV,A3E9N7HDRLT8KV-1-3703-227,2,5.75
A3RAL81XKTKNMS,A3RAL81XKTKNMS-2-931-227,Yes,No
A3E9N7HDRLT8KV,A3E9N7HDRLT8KV-1-97-227,Yes,Yes
A3RAL81XKTKNMS,A3RAL81XKTKNMS-3-9832-228,Neutral,Positive
A3E9N7HDRLT8KV,A3E9N7HDRLT8KV-2-1042-228,Yes,"I can't tell"
A3RAL81XKTKNMS,A3RAL81XKTKNMS-3-19923-228,Neutral,Neutral
A3RAL81XKTKNMS,A3RAL81XKTKNMS-3-3689-228,2,1.25
A3E9N7HDRLT8KV,A3E9N7HDRLT8KV-2-5800-228,no,no
A3E9N7HDRLT8KV,A3E9N7HDRLT8KV-2-16258-228,Humor,Philanthropic
A3E9N7HDRLT8KV,A3E9N7HDRLT8KV-3-14100-229,false,False
A3E9N7HDRLT8KV,A3E9N7HDRLT8KV-3-10604-229,plain,plain
A3E9N7HDRLT8KV,A3E9N7HDRLT8KV-3-1040-229,Yes,"I can't tell"
AN7N56XWXCX45,AN7N56XWXCX45-1-5627-232,no,no
AN7N56XWXCX45,AN7N56XWXCX45-1-3205-232,5,1.0
AN7N56XWXCX45,AN7N56XWXCX45-1-10848-232,plain,plain
AN7N56XWXCX45,AN7N56XWXCX45-2-11838-233,floral,floral
AN7N56XWXCX45,AN7N56XWXCX45-2-723-233,Yes,Yes
AN7N56XWXCX45,AN7N56XWXCX45-2-4788-233,unk,yes
AN7N56XWXCX45,AN7N56XWXCX45-3-13042-234,QUENTiN,QUENTIN
AN7N56XWXCX45,AN7N56XWXCX45-3-8389-234,"Photo unavailable",Neutral
AN7N56XWXCX45,AN7N56XWXCX45-3-4689-234,unk,no
A3JNSAQ0BJ33ZM,A3JNSAQ0BJ33ZM-1-7024-235,4,3.8
A3JNSAQ0BJ33ZM,A3JNSAQ0BJ33ZM-1-4607-235,no,no
A3JNSAQ0BJ33ZM,A3JNSAQ0BJ33ZM-1-17670-235,"Recreation & Leisure","Personal Growth"
A3JNSAQ0BJ33ZM,A3JNSAQ0BJ33ZM-2-7603-236,4,3.75
A3JNSAQ0BJ33ZM,A3JNSAQ0BJ33ZM-2-8994-236,Negative,Positive
A3JNSAQ0BJ33ZM,A3JNSAQ0BJ33ZM-2-17146-236,"Personal Growth","Personal Growth"
A3JNSAQ0BJ33ZM,A3JNSAQ0BJ33ZM-3-7264-237,1,3.8
A3JNSAQ0BJ33ZM,A3JNSAQ0BJ33ZM-3-12242-237,Emma,EMMA
A3JNSAQ0BJ33ZM,A3JNSAQ0BJ33ZM-3-14714-237,false,False
A1ZT0TLZZTT47M,A1ZT0TLZZTT47M-1-143-238,Yes,Yes
A1ZT0TLZZTT47M,A1ZT0TLZZTT47M-1-18255-238,Neutral,Neutral
A1ZT0TLZZTT47M,A1ZT0TLZZTT47M-2-6159-239,1,3.0
A1ZT0TLZZTT47M,A1ZT0TLZZTT47M-2-12302-239,clemence,CLEMENCE
A1ZT0TLZZTT47M,A1ZT0TLZZTT47M-2-1751-239,Yes,Yes
A1ZT0TLZZTT47M,A1ZT0TLZZTT47M-3-10390-240,stripes,plain
A1ZT0TLZZTT47M,A1ZT0TLZZTT47M-3-1-240,Yes,Yes
A3HIES6OMRCQE5,A3HIES6OMRCQE5-1-5989-241,no,no
A3HIES6OMRCQE5,A3HIES6OMRCQE5-1-4142-241,yes,yes
A3HIES6OMRCQE5,A3HIES6OMRCQE5-1-6588-241,3,2.83
A3HIES6OMRCQE5,A3HIES6OMRCQE5-2-5637-242,unk,yes
A3HIES6OMRCQE5,A3HIES6OMRCQE5-2-9846-242,"Photo unavailable",Neutral
A3HIES6OMRCQE5,A3HIES6OMRCQE5-2-6212-242,2,1.0
A3HIES6OMRCQE5,A3HIES6OMRCQE5-3-5605-243,unk,no
A3HIES6OMRCQE5,A3HIES6OMRCQE5-3-12563-243,SARAH,SARAH
A3HIES6OMRCQE5,A3HIES6OMRCQE5-3-12979-243,MAIWENN,MAIWENN
A122PMN7S5SU33,A122PMN7S5SU33-1-15740-244,false,False
A122PMN7S5SU33,A122PMN7S5SU33-1-8845-244,Positive,Positive
A122PMN7S5SU33,A122PMN7S5SU33-1-18909-244,Positive,Neutral
A122PMN7S5SU33,A122PMN7S5SU33-2-19679-245,Positive,Neutral
A122PMN7S5SU33,A122PMN7S5SU33-2-13665-245,SOPHIE,SOPHIE
A122PMN7S5SU33,A122PMN7S5SU33-2-7742-245,1,2.67
A122PMN7S5SU33,A122PMN7S5SU33-3-2697-246,2,2.0
A356EVHB3TU90R,A356EVHB3TU90R-1-6708-247,4,3.17
A356EVHB3TU90R,A356EVHB3TU90R-1-17946-247,"Personal Growth","Health & Fitness"
A356EVHB3TU90R,A356EVHB3TU90R-1-14313-247,false,False
A356EVHB3TU90R,A356EVHB3TU90R-2-6095-248,3,3.0
A356EVHB3TU90R,A356EVHB3TU90R-2-18757-248,Negative,Neutral
A356EVHB3TU90R,A356EVHB3TU90R-3-7671-249,5,3.33
A356EVHB3TU90R,A356EVHB3TU90R-3-13399-249,ENZO,ENZO
A356EVHB3TU90R,A356EVHB3TU90R-3-1858-249,Yes,Yes
ASG1PXG3EUYN8,ASG1PXG3EUYN8-1-6307-251,4,4.0
ASG1PXG3EUYN8,ASG1PXG3EUYN8-1-7085-251,5,4.2
ASG1PXG3EUYN8,ASG1PXG3EUYN8-1-1917-251,Yes,Yes
ASG1PXG3EUYN8,ASG1PXG3EUYN8-2-7373-252,4,3.8
ASG1PXG3EUYN8,ASG1PXG3EUYN8-2-6692-252,3,3.17
ASG1PXG3EUYN8,ASG1PXG3EUYN8-2-1124-252,"I can't tell","I can't tell"
ASG1PXG3EUYN8,ASG1PXG3EUYN8-3-6845-253,4,3.2
ASG1PXG3EUYN8,ASG1PXG3EUYN8-3-18095-253,Neutral,Neutral
ASG1PXG3EUYN8,ASG1PXG3EUYN8-3-15785-253,false,False
A2C8QIT0DJRCHN,A2C8QIT0DJRCHN-1-15100-254,false,False
A2C8QIT0DJRCHN,A2C8QIT0DJRCHN-1-9694-254,Positive,Positive
A2C8QIT0DJRCHN,A2C8QIT0DJRCHN-1-15650-254,false,False
A2C8QIT0DJRCHN,A2C8QIT0DJRCHN-2-14864-255,false,False
A2C8QIT0DJRCHN,A2C8QIT0DJRCHN-2-2682-255,3,1.0
A2C8QIT0DJRCHN,A2C8QIT0DJRCHN-2-5322-255,no,no
A2C8QIT0DJRCHN,A2C8QIT0DJRCHN-3-9923-256,Positive,Positive
A2C8QIT0DJRCHN,A2C8QIT0DJRCHN-3-15748-256,false,False
A8289AEOKHKV4,A8289AEOKHKV4-1-9695-257,Positive,Positive
A2C8QIT0DJRCHN,A2C8QIT0DJRCHN-3-17556-256,"Time Management/Organization","Recreation & Leisure"
A8289AEOKHKV4,A8289AEOKHKV4-1-17906-257,Humor,"Personal Growth"
A8289AEOKHKV4,A8289AEOKHKV4-2-6346-258,4,3.0
A8289AEOKHKV4,A8289AEOKHKV4-2-15651-258,false,False
A8289AEOKHKV4,A8289AEOKHKV4-2-18865-258,Neutral,Neutral
A8289AEOKHKV4,A8289AEOKHKV4-3-9575-259,"Photo unavailable",Neutral
A8289AEOKHKV4,A8289AEOKHKV4-3-14484-259,false,False
A334GA484JTNIM,A334GA484JTNIM-1-8374-260,Neutral,Positive
A334GA484JTNIM,A334GA484JTNIM-1-3728-260,2,1.25
A334GA484JTNIM,A334GA484JTNIM-1-19194-260,Neutral,Neutral
A334GA484JTNIM,A334GA484JTNIM-2-8328-261,Neutral,Positive
A334GA484JTNIM,A334GA484JTNIM-2-9913-261,Negative,Positive
A334GA484JTNIM,A334GA484JTNIM-2-5238-261,no,unk
A334GA484JTNIM,A334GA484JTNIM-3-8430-262,"Photo unavailable",Neutral
A334GA484JTNIM,A334GA484JTNIM-3-2412-262,7,7.0
A334GA484JTNIM,A334GA484JTNIM-3-3799-262,2,1.25
A36DWNNS19EI2Z,A36DWNNS19EI2Z-1-3320-263,5,5.0
A36DWNNS19EI2Z,A36DWNNS19EI2Z-1-16838-263,Humor,Humor
A36DWNNS19EI2Z,A36DWNNS19EI2Z-2-8134-264,Neutral,Neutral
A36DWNNS19EI2Z,A36DWNNS19EI2Z-2-17359-264,Philanthropic,"Recreation & Leisure"
A36DWNNS19EI2Z,A36DWNNS19EI2Z-2-14614-264,false,False
A36DWNNS19EI2Z,A36DWNNS19EI2Z-3-5311-265,no,yes
A36DWNNS19EI2Z,A36DWNNS19EI2Z-3-19926-265,Neutral,Neutral
A36DWNNS19EI2Z,A36DWNNS19EI2Z-3-12548-265,NICOLAS,NICOLAS
A36WD11HEE3ZC4,A36WD11HEE3ZC4-1-14888-266,false,False
A36WD11HEE3ZC4,A36WD11HEE3ZC4-1-6964-266,4,4.2
A36WD11HEE3ZC4,A36WD11HEE3ZC4-1-11520-266,plain,plain
A36WD11HEE3ZC4,A36WD11HEE3ZC4-2-5566-267,no,no
A36WD11HEE3ZC4,A36WD11HEE3ZC4-2-7148-267,4,3.8
A36WD11HEE3ZC4,A36WD11HEE3ZC4-2-13130-267,Maxine,MAXIME
A36WD11HEE3ZC4,A36WD11HEE3ZC4-3-8410-268,"Highly positive",Positive
A36WD11HEE3ZC4,A36WD11HEE3ZC4-3-1548-268,Yes,Yes
A36WD11HEE3ZC4,A36WD11HEE3ZC4-3-13506-268,"Lola Gilblas","LOLA GILBLAS"
A306XHZ4SSZN23,A306XHZ4SSZN23-1-9410-269,"Photo unavailable",Neutral
A306XHZ4SSZN23,A306XHZ4SSZN23-1-11805-269,chevron,plain
A306XHZ4SSZN23,A306XHZ4SSZN23-1-14700-269,false,False
A306XHZ4SSZN23,A306XHZ4SSZN23-2-2820-270,2,1.0
A306XHZ4SSZN23,A306XHZ4SSZN23-2-10570-270,geometry,tribal
A306XHZ4SSZN23,A306XHZ4SSZN23-2-1536-270,"I can't tell",Yes
A306XHZ4SSZN23,A306XHZ4SSZN23-3-9645-271,Positive,Positive
A306XHZ4SSZN23,A306XHZ4SSZN23-3-11432-271,cartoon,plain
A306XHZ4SSZN23,A306XHZ4SSZN23-3-1273-271,Yes,Yes
A2XQ677LMTEQGR,A2XQ677LMTEQGR-1-1372-270,Yes,Yes
A2XQ677LMTEQGR,A2XQ677LMTEQGR-2-12036-271,Gabin,GABIN
A2XQ677LMTEQGR,A2XQ677LMTEQGR-2-7-271,Yes,Yes
A2XQ677LMTEQGR,A2XQ677LMTEQGR-2-15489-271,false,False
A2XQ677LMTEQGR,A2XQ677LMTEQGR-3-9249-272,Neutral,"Highly positive"
A2XQ677LMTEQGR,A2XQ677LMTEQGR-3-11228-272,plain,plain
A2XQ677LMTEQGR,A2XQ677LMTEQGR-3-76-272,Yes,Yes
A2N962G55T9MOB,A2N962G55T9MOB-1-12379-275,Mathieu,MATHIEU
A2N962G55T9MOB,A2N962G55T9MOB-2-7414-276,5,3.8
A2N962G55T9MOB,A2N962G55T9MOB-2-4206-276,yes,yes
A2N962G55T9MOB,A2N962G55T9MOB-2-17361-276,Humor,"Health & Fitness"
A2N962G55T9MOB,A2N962G55T9MOB-3-3990-277,1,1.25
A2N962G55T9MOB,A2N962G55T9MOB-3-17544-277,Humor,Humor
A2APG8MSLJ6G2K,A2APG8MSLJ6G2K-1-7437-278,4,3.2
A2APG8MSLJ6G2K,A2APG8MSLJ6G2K-1-11534-278,floral,floral
A2APG8MSLJ6G2K,A2APG8MSLJ6G2K-1-17794-278,Humor,"Personal Growth"
A2APG8MSLJ6G2K,A2APG8MSLJ6G2K-2-6602-279,4,3.17
A2APG8MSLJ6G2K,A2APG8MSLJ6G2K-2-12093-279,BAPTISTE,BAPTESTE
A2APG8MSLJ6G2K,A2APG8MSLJ6G2K-2-16261-279,"Personal Growth","Personal Growth"
A2APG8MSLJ6G2K,A2APG8MSLJ6G2K-3-9531-280,Neutral,Neutral
A2APG8MSLJ6G2K,A2APG8MSLJ6G2K-3-1153-280,No,No
A2APG8MSLJ6G2K,A2APG8MSLJ6G2K-3-1748-280,Yes,Yes
A2JZT1SP5F3PR1,A2JZT1SP5F3PR1-1-14548-281,false,False
A2JZT1SP5F3PR1,A2JZT1SP5F3PR1-1-5091-281,no,yes
A2JZT1SP5F3PR1,A2JZT1SP5F3PR1-1-18638-281,Positive,Neutral
A2JZT1SP5F3PR1,A2JZT1SP5F3PR1-2-7406-282,5,3.8
A2JZT1SP5F3PR1,A2JZT1SP5F3PR1-2-13920-282,Jordan,JORDAN
A2JZT1SP5F3PR1,A2JZT1SP5F3PR1-2-15872-282,false,False
A2JZT1SP5F3PR1,A2JZT1SP5F3PR1-3-17038-283,"Personal Growth","Personal Growth"
A2JZT1SP5F3PR1,A2JZT1SP5F3PR1-3-19550-283,Neutral,Neutral
A2VEUYSAOYJJDC,A2VEUYSAOYJJDC-1-15266-284,false,False
A2VEUYSAOYJJDC,A2VEUYSAOYJJDC-1-6370-284,4,4.0
A2VEUYSAOYJJDC,A2VEUYSAOYJJDC-1-746-284,Yes,Yes
A2VEUYSAOYJJDC,A2VEUYSAOYJJDC-2-8000-285,5,4.6
A2VEUYSAOYJJDC,A2VEUYSAOYJJDC-2-7737-285,1,3.33
A2VEUYSAOYJJDC,A2VEUYSAOYJJDC-2-1175-285,Yes,"I can't tell"
A2VEUYSAOYJJDC,A2VEUYSAOYJJDC-3-8897-286,Neutral,Positive
A2VEUYSAOYJJDC,A2VEUYSAOYJJDC-3-7487-286,5,4.2
A2VEUYSAOYJJDC,A2VEUYSAOYJJDC-3-17718-286,"Personal Growth","Personal Growth"
A3UHY1MKT26H51,A3UHY1MKT26H51-1-6433-287,5,3.0
A3UHY1MKT26H51,A3UHY1MKT26H51-1-4514-287,yes,no
A3UHY1MKT26H51,A3UHY1MKT26H51-1-12658-287,camille,CAMILLE
A3UHY1MKT26H51,A3UHY1MKT26H51-2-5579-288,no,no
A3UHY1MKT26H51,A3UHY1MKT26H51-2-5062-288,no,no
A3UHY1MKT26H51,A3UHY1MKT26H51-2-15328-288,false,False
A3UHY1MKT26H51,A3UHY1MKT26H51-3-4071-289,no,no
A3UHY1MKT26H51,A3UHY1MKT26H51-3-2046-289,7,7.0
A3UHY1MKT26H51,A3UHY1MKT26H51-3-18088-289,Neutral,Neutral
A1H3KZUJGS2GEL,A1H3KZUJGS2GEL-1-8259-290,Neutral,Positive
A1H3KZUJGS2GEL,A1H3KZUJGS2GEL-1-12103-290,JEROME,JEROME
A1H3KZUJGS2GEL,A1H3KZUJGS2GEL-1-14497-290,false,False
A1H3KZUJGS2GEL,A1H3KZUJGS2GEL-2-3466-291,2,1.0
A1H3KZUJGS2GEL,A1H3KZUJGS2GEL-2-12056-291,LOUIS,LOUIS
A1H3KZUJGS2GEL,A1H3KZUJGS2GEL-2-1832-291,No,No
A1H3KZUJGS2GEL,A1H3KZUJGS2GEL-3-3316-292,1,1.0
A1H3KZUJGS2GEL,A1H3KZUJGS2GEL-3-1954-292,No,No
A1H3KZUJGS2GEL,A1H3KZUJGS2GEL-3-1653-292,Yes,Yes
A1GWYE8PRWT13G,A1GWYE8PRWT13G-1-17715-293,Family/Friends/Relationships,"Health & Fitness"
A1GWYE8PRWT13G,A1GWYE8PRWT13G-2-12158-294,ELISSA,ELISSA
A1GWYE8PRWT13G,A1GWYE8PRWT13G-2-4116-294,no,yes
A1GWYE8PRWT13G,A1GWYE8PRWT13G-2-14783-294,false,False
A1GWYE8PRWT13G,A1GWYE8PRWT13G-3-7407-295,4,4.2
A1GWYE8PRWT13G,A1GWYE8PRWT13G-3-999-295,Yes,Yes
A1GWYE8PRWT13G,A1GWYE8PRWT13G-3-1150-295,Yes,Yes
A3C5S88DDG7XFL,A3C5S88DDG7XFL-1-13628-296,NALOU,NALOU
A3C5S88DDG7XFL,A3C5S88DDG7XFL-1-16169-296,"Personal Growth","Personal Growth"
A3C5S88DDG7XFL,A3C5S88DDG7XFL-1-10100-296,floral,floral
A3C5S88DDG7XFL,A3C5S88DDG7XFL-2-13830-297,ERINE,ERINE
A3C5S88DDG7XFL,A3C5S88DDG7XFL-2-16381-297,Career,"Personal Growth"
A3C5S88DDG7XFL,A3C5S88DDG7XFL-2-14434-297,false,False
A3C5S88DDG7XFL,A3C5S88DDG7XFL-3-10834-298,squares,squares
A3C5S88DDG7XFL,A3C5S88DDG7XFL-3-19200-298,Positive,Neutral
A3C5S88DDG7XFL,A3C5S88DDG7XFL-3-15122-298,false,False
A1FPNROSCFI3GJ,A1FPNROSCFI3GJ-1-8482-299,"Highly positive",Positive
A1FPNROSCFI3GJ,A1FPNROSCFI3GJ-1-15678-299,false,False
A1FPNROSCFI3GJ,A1FPNROSCFI3GJ-1-46-299,"I can't tell",Yes
A1FPNROSCFI3GJ,A1FPNROSCFI3GJ-2-3589-300,2,1.25
A1FPNROSCFI3GJ,A1FPNROSCFI3GJ-2-15054-300,false,False
A1FPNROSCFI3GJ,A1FPNROSCFI3GJ-2-8510-300,Neutral,Positive
A1FPNROSCFI3GJ,A1FPNROSCFI3GJ-3-17910-301,"Personal Growth","Personal Growth"
A1FPNROSCFI3GJ,A1FPNROSCFI3GJ-3-9188-301,Positive,Positive
A1FPNROSCFI3GJ,A1FPNROSCFI3GJ-3-18980-301,Neutral,Neutral
A1HJGR8HB13CVY,A1HJGR8HB13CVY-1-2378-302,7,7.0
A1HJGR8HB13CVY,A1HJGR8HB13CVY-1-7776-302,3,3.33
A1HJGR8HB13CVY,A1HJGR8HB13CVY-1-18256-302,Positive,Positive
A1HJGR8HB13CVY,A1HJGR8HB13CVY-2-6937-303,3,3.2
A1HJGR8HB13CVY,A1HJGR8HB13CVY-2-15421-303,false,False
A1HJGR8HB13CVY,A1HJGR8HB13CVY-2-12968-303,SAMUEL,SAMUEL
A1HJGR8HB13CVY,A1HJGR8HB13CVY-3-1240-304,Yes,Yes
A1HJGR8HB13CVY,A1HJGR8HB13CVY-3-7509-304,5,4.2
A1HJGR8HB13CVY,A1HJGR8HB13CVY-3-11101-304,floral,floral
A3ANNNRMHSUNNH,A3ANNNRMHSUNNH-1-4786-305,yes,yes
A3ANNNRMHSUNNH,A3ANNNRMHSUNNH-1-10988-305,animal,animal
A3ANNNRMHSUNNH,A3ANNNRMHSUNNH-1-1991-305,"I can't tell",Yes
A171NRH2G227NA,A171NRH2G227NA-2-14875-309,false,False
A171NRH2G227NA,A171NRH2G227NA-3-2816-310,1,5.0
A1540UBS9SMV3Q,A1540UBS9SMV3Q-1-4123-311,yes,yes
A1540UBS9SMV3Q,A1540UBS9SMV3Q-1-2167-311,4,7.0
A1540UBS9SMV3Q,A1540UBS9SMV3Q-1-8796-311,"Highly positive",Positive
A1540UBS9SMV3Q,A1540UBS9SMV3Q-2-15085-312,true,False
A1540UBS9SMV3Q,A1540UBS9SMV3Q-2-5998-312,yes,yes
A1540UBS9SMV3Q,A1540UBS9SMV3Q-2-8993-312,"Highly positive",Neutral
A1540UBS9SMV3Q,A1540UBS9SMV3Q-3-4131-313,yes,yes
A1540UBS9SMV3Q,A1540UBS9SMV3Q-3-2638-313,4,2.0
A1540UBS9SMV3Q,A1540UBS9SMV3Q-3-592-313,Yes,Yes
A3G5ZPURJ0XCBG,A3G5ZPURJ0XCBG-1-15366-314,false,False
A843DU1CYIR9Z,A843DU1CYIR9Z-1-3677-315,3,1.25
A843DU1CYIR9Z,A843DU1CYIR9Z-1-12543-315,elise,ELISE
A843DU1CYIR9Z,A843DU1CYIR9Z-1-13723-315,gregory,GREGORY
A843DU1CYIR9Z,A843DU1CYIR9Z-2-8251-316,Positive,Neutral
A843DU1CYIR9Z,A843DU1CYIR9Z-2-6275-316,5,4.0
A843DU1CYIR9Z,A843DU1CYIR9Z-2-12557-316,nathan,NATHAN
A843DU1CYIR9Z,A843DU1CYIR9Z-3-6594-317,2,2.83
A843DU1CYIR9Z,A843DU1CYIR9Z-3-15627-317,true,False
A843DU1CYIR9Z,A843DU1CYIR9Z-3-11505-317,plain,plain
A3E2WNPW4MZQPE,A3E2WNPW4MZQPE-1-11336-319,scales,plain
A3E2WNPW4MZQPE,A3E2WNPW4MZQPE-1-401-319,Yes,"I can't tell"
A3E2WNPW4MZQPE,A3E2WNPW4MZQPE-2-3591-320,3,1.25
A3E2WNPW4MZQPE,A3E2WNPW4MZQPE-2-16769-320,Career,Family/Friends/Relationships
A3E2WNPW4MZQPE,A3E2WNPW4MZQPE-3-7748-321,3,3.33
A3E2WNPW4MZQPE,A3E2WNPW4MZQPE-3-17269-321,Career,Finance
A3E2WNPW4MZQPE,A3E2WNPW4MZQPE-3-15290-321,false,False
AQEX5WNQL3VB,AQEX5WNQL3VB-1-8384-322,"Highly negative",Negative
AQEX5WNQL3VB,AQEX5WNQL3VB-1-2809-322,5,1.0
AQEX5WNQL3VB,AQEX5WNQL3VB-1-2922-322,2,1.0
AQEX5WNQL3VB,AQEX5WNQL3VB-2-4294-323,yes,yes
AQEX5WNQL3VB,AQEX5WNQL3VB-2-7855-323,4,3.4
AQEX5WNQL3VB,AQEX5WNQL3VB-2-14981-323,false,False
AQEX5WNQL3VB,AQEX5WNQL3VB-3-2758-324,2,1.0
AQEX5WNQL3VB,AQEX5WNQL3VB-3-11782-324,floral,floral
AQEX5WNQL3VB,AQEX5WNQL3VB-3-18783-324,Positive,Neutral
A3DZGDF9HCTAOB,A3DZGDF9HCTAOB-1-7570-325,4,3.2
A3DZGDF9HCTAOB,A3DZGDF9HCTAOB-1-19796-325,Positive,Positive
A3DZGDF9HCTAOB,A3DZGDF9HCTAOB-1-18260-325,Neutral,Neutral
A3DZGDF9HCTAOB,A3DZGDF9HCTAOB-2-7603-326,5,3.75
A3DZGDF9HCTAOB,A3DZGDF9HCTAOB-2-14893-326,false,False
A3DZGDF9HCTAOB,A3DZGDF9HCTAOB-3-10378-327,plain,plain
A3DZGDF9HCTAOB,A3DZGDF9HCTAOB-3-12088-327,GUILLAUME,GUILLAUME
A3DZGDF9HCTAOB,A3DZGDF9HCTAOB-3-1664-327,Yes,Yes
A26CVU4OVAIWNE,A26CVU4OVAIWNE-1-17985-328,"Personal Growth","Personal Growth"
A26CVU4OVAIWNE,A26CVU4OVAIWNE-1-19253-328,Negative,Neutral
A26CVU4OVAIWNE,A26CVU4OVAIWNE-2-7973-329,4,3.4
A26CVU4OVAIWNE,A26CVU4OVAIWNE-2-8849-329,Positive,Positive
A26CVU4OVAIWNE,A26CVU4OVAIWNE-2-16046-329,"Personal Growth",Career
A14JC769A8FXN1,A14JC769A8FXN1-1-12066-331,VERNOUX,VERNOUX
A14JC769A8FXN1,A14JC769A8FXN1-1-4041-331,unk,no
A14JC769A8FXN1,A14JC769A8FXN1-1-1376-331,"I can't tell","I can't tell"
A14JC769A8FXN1,A14JC769A8FXN1-2-2273-332,7,7.0
A14JC769A8FXN1,A14JC769A8FXN1-2-12017-332,LEO,LEO
A14JC769A8FXN1,A14JC769A8FXN1-2-302-332,"I can't tell","I can't tell"
A14JC769A8FXN1,A14JC769A8FXN1-3-12649-333,"ANNE CLARA","ANNE CLARA"
A14JC769A8FXN1,A14JC769A8FXN1-3-6186-333,4,3.0
A14JC769A8FXN1,A14JC769A8FXN1-3-1805-333,Yes,Yes
A26CVU4OVAIWNE,A26CVU4OVAIWNE-3-7459-330,3,3.2
A26CVU4OVAIWNE,A26CVU4OVAIWNE-3-10080-330,floral,plain
A26CVU4OVAIWNE,A26CVU4OVAIWNE-3-16428-330,Family/Friends/Relationships,Family/Friends/Relationships
A2WI00I49DYJ69,A2WI00I49DYJ69-2-4032-335,no,yes
A2WI00I49DYJ69,A2WI00I49DYJ69-2-1893-335,Yes,Yes
A2WI00I49DYJ69,A2WI00I49DYJ69-2-15899-335,false,False
A2WI00I49DYJ69,A2WI00I49DYJ69-3-11529-336,"polka dot",plain
A22MNXLPSAT6IC,A22MNXLPSAT6IC-1-469-337,Yes,Yes
A22MNXLPSAT6IC,A22MNXLPSAT6IC-2-5933-338,no,no
A22MNXLPSAT6IC,A22MNXLPSAT6IC-2-9911-338,"Photo unavailable",Neutral
A22MNXLPSAT6IC,A22MNXLPSAT6IC-2-11920-338,plain,plain
A22MNXLPSAT6IC,A22MNXLPSAT6IC-3-17850-339,Humor,"Recreation & Leisure"
A1OWHPMKE7YAGL,A1OWHPMKE7YAGL-1-7858-341,2,2.6
A1OWHPMKE7YAGL,A1OWHPMKE7YAGL-1-10840-341,floral,floral
A1OWHPMKE7YAGL,A1OWHPMKE7YAGL-1-14206-341,false,False
A1OWHPMKE7YAGL,A1OWHPMKE7YAGL-2-2725-342,1,1.0
A1OWHPMKE7YAGL,A1OWHPMKE7YAGL-2-16281-342,"Time Management/Organization",Education/Training
A1OWHPMKE7YAGL,A1OWHPMKE7YAGL-2-19841-342,"Highly negative",Neutral
A1OWHPMKE7YAGL,A1OWHPMKE7YAGL-3-5606-343,no,unk
A1OWHPMKE7YAGL,A1OWHPMKE7YAGL-3-90-343,Yes,Yes
A1OWHPMKE7YAGL,A1OWHPMKE7YAGL-3-17211-343,Humor,Humor
A1O0B8163G7W0N,A1O0B8163G7W0N-1-3492-344,1,1.2
A1O0B8163G7W0N,A1O0B8163G7W0N-1-7539-344,5,4.2
A1O0B8163G7W0N,A1O0B8163G7W0N-1-10796-344,ikat,stripes
A1O0B8163G7W0N,A1O0B8163G7W0N-2-9031-345,"Highly positive",Neutral
A1O0B8163G7W0N,A1O0B8163G7W0N-2-6871-345,3,2.2
A1O0B8163G7W0N,A1O0B8163G7W0N-2-188-345,Yes,Yes
A1O0B8163G7W0N,A1O0B8163G7W0N-3-6275-346,2,4.0
A1O0B8163G7W0N,A1O0B8163G7W0N-3-9728-346,Positive,Neutral
A1O0B8163G7W0N,A1O0B8163G7W0N-3-1480-346,Yes,Yes
A2UVJMJV1EOH9X,A2UVJMJV1EOH9X-1-19656-347,Positive,Neutral
A2UVJMJV1EOH9X,A2UVJMJV1EOH9X-1-12927-347,EMELINE,EMELINE
A2UVJMJV1EOH9X,A2UVJMJV1EOH9X-2-13976-348,COLINE,COLINE
A2UVJMJV1EOH9X,A2UVJMJV1EOH9X-2-16000-348,true,False
A2UVJMJV1EOH9X,A2UVJMJV1EOH9X-3-10047-349,plain,plain
A2UVJMJV1EOH9X,A2UVJMJV1EOH9X-3-14933-349,false,False
A1OSYT1HAG3ZQM,A1OSYT1HAG3ZQM-1-1176-350,Yes,"I can't tell"
A1OSYT1HAG3ZQM,A1OSYT1HAG3ZQM-1-287-350,Yes,No
A1OSYT1HAG3ZQM,A1OSYT1HAG3ZQM-1-18870-350,Positive,Neutral
A30DEG9REA9V2N,A30DEG9REA9V2N-1-3206-351,1,1.0
A30DEG9REA9V2N,A30DEG9REA9V2N-1-18284-351,Neutral,Neutral
A30DEG9REA9V2N,A30DEG9REA9V2N-1-14104-351,false,False
A30DEG9REA9V2N,A30DEG9REA9V2N-2-4666-352,yes,yes
A30DEG9REA9V2N,A30DEG9REA9V2N-2-13800-352,ELOIC,ELOIC
A30DEG9REA9V2N,A30DEG9REA9V2N-2-14810-352,false,False
A30DEG9REA9V2N,A30DEG9REA9V2N-3-17316-353,"Personal Growth","Personal Growth"
A30DEG9REA9V2N,A30DEG9REA9V2N-3-11065-353,plain,plain
A30DEG9REA9V2N,A30DEG9REA9V2N-3-19668-353,Neutral,Neutral
AZI9VZ55E3TP2,AZI9VZ55E3TP2-1-6557-354,2,2.86
AZI9VZ55E3TP2,AZI9VZ55E3TP2-1-15930-354,false,False
AZI9VZ55E3TP2,AZI9VZ55E3TP2-1-10770-354,plain,plain
AZI9VZ55E3TP2,AZI9VZ55E3TP2-2-18025-355,Positive,Neutral
AZI9VZ55E3TP2,AZI9VZ55E3TP2-2-9878-355,Neutral,Positive
AZI9VZ55E3TP2,AZI9VZ55E3TP2-2-10880-355,plain,plain
AZI9VZ55E3TP2,AZI9VZ55E3TP2-3-12410-356,MAXIME,MAXIME
AZI9VZ55E3TP2,AZI9VZ55E3TP2-3-9250-356,"Highly positive",Positive
AZI9VZ55E3TP2,AZI9VZ55E3TP2-3-1437-356,Yes,Yes
AKLKDS34ZAGML,AKLKDS34ZAGML-1-4844-357,yes,yes
AKLKDS34ZAGML,AKLKDS34ZAGML-1-646-357,Yes,Yes
AKLKDS34ZAGML,AKLKDS34ZAGML-2-18671-358,Neutral,Neutral
AKLKDS34ZAGML,AKLKDS34ZAGML-2-6917-358,4,3.2
AKLKDS34ZAGML,AKLKDS34ZAGML-2-288-358,No,No
AKLKDS34ZAGML,AKLKDS34ZAGML-3-14497-359,false,False
AKLKDS34ZAGML,AKLKDS34ZAGML-3-7732-359,5,4.67
AKLKDS34ZAGML,AKLKDS34ZAGML-3-7461-359,5,3.2
A3G23R04GWI8KI,A3G23R04GWI8KI-1-4311-360,yes,yes
A3G23R04GWI8KI,A3G23R04GWI8KI-1-9086-360,Negative,Negative
A3G23R04GWI8KI,A3G23R04GWI8KI-1-1746-360,Yes,Yes
A3G23R04GWI8KI,A3G23R04GWI8KI-2-3840-361,1,1.25
A3G23R04GWI8KI,A3G23R04GWI8KI-2-1626-361,"I can't tell",No
A3G23R04GWI8KI,A3G23R04GWI8KI-3-16753-362,Humor,Humor
A3G23R04GWI8KI,A3G23R04GWI8KI-3-15975-362,true,False
A1D6WZBOMC63GW,A1D6WZBOMC63GW-1-17003-363,Humor,Humor
A1D6WZBOMC63GW,A1D6WZBOMC63GW-2-4203-364,yes,yes
A1D6WZBOMC63GW,A1D6WZBOMC63GW-2-13453-364,Alix,ALIX
A1D6WZBOMC63GW,A1D6WZBOMC63GW-2-17466-364,Finance,"Personal Growth"
A1D6WZBOMC63GW,A1D6WZBOMC63GW-3-2755-365,1,1.0
A1D6WZBOMC63GW,A1D6WZBOMC63GW-3-9374-365,Neutral,Positive
A1D6WZBOMC63GW,A1D6WZBOMC63GW-3-18880-365,Neutral,Neutral
A2R9FWTKUP1YV6,A2R9FWTKUP1YV6-1-3947-366,1,1.25
A2UF8HCCMLR6G0,A2UF8HCCMLR6G0-1-6325-367,1,4.0
A2UF8HCCMLR6G0,A2UF8HCCMLR6G0-1-3446-367,1,1.0
A2UF8HCCMLR6G0,A2UF8HCCMLR6G0-1-2218-367,7,7.0
A2UF8HCCMLR6G0,A2UF8HCCMLR6G0-2-7173-368,4,4.2
A2UF8HCCMLR6G0,A2UF8HCCMLR6G0-2-9580-368,"Highly positive",Positive
A2UF8HCCMLR6G0,A2UF8HCCMLR6G0-2-15253-368,false,False
A2UF8HCCMLR6G0,A2UF8HCCMLR6G0-3-2607-369,1,1.0
A2UF8HCCMLR6G0,A2UF8HCCMLR6G0-3-14245-369,false,False
A2UF8HCCMLR6G0,A2UF8HCCMLR6G0-3-9914-369,Positive,Positive
A2921W6D8PU4X2,A2921W6D8PU4X2-1-5549-370,no,no
A2921W6D8PU4X2,A2921W6D8PU4X2-1-19586-370,Neutral,Neutral
A2921W6D8PU4X2,A2921W6D8PU4X2-1-10713-370,chevron,plain
A2921W6D8PU4X2,A2921W6D8PU4X2-2-14122-371,false,False
A2921W6D8PU4X2,A2921W6D8PU4X2-2-3948-371,1,1.25
A2921W6D8PU4X2,A2921W6D8PU4X2-2-10160-371,plain,plain
A2921W6D8PU4X2,A2921W6D8PU4X2-3-4931-372,yes,yes
A2921W6D8PU4X2,A2921W6D8PU4X2-3-17759-372,Humor,"Recreation & Leisure"
A2921W6D8PU4X2,A2921W6D8PU4X2-3-14981-372,false,False
A35IT4GHURUWK7,A35IT4GHURUWK7-1-3152-375,3,1.0
A35IT4GHURUWK7,A35IT4GHURUWK7-1-9401-375,Positive,Positive
A35IT4GHURUWK7,A35IT4GHURUWK7-1-13325-375,pAokine,PAULINE
A35IT4GHURUWK7,A35IT4GHURUWK7-2-2802-376,1,1.0
A35IT4GHURUWK7,A35IT4GHURUWK7-2-9740-376,Neutral,Neutral
A35IT4GHURUWK7,A35IT4GHURUWK7-2-18996-376,"Highly positive",Neutral
A35IT4GHURUWK7,A35IT4GHURUWK7-3-3554-377,4,1.25
A35IT4GHURUWK7,A35IT4GHURUWK7-3-9950-377,"Highly positive",Neutral
A35IT4GHURUWK7,A35IT4GHURUWK7-3-736-377,Yes,Yes
AO1QP8LPBV6RJ,AO1QP8LPBV6RJ-1-18546-378,Positive,Neutral
A3FAQHVPI8OUP0,A3FAQHVPI8OUP0-1-7112-379,4,4.2
A3FAQHVPI8OUP0,A3FAQHVPI8OUP0-1-11385-379,stripes,plain
A27TYK7FQNPG8J,A27TYK7FQNPG8J-1-4057-380,no,no
A27TYK7FQNPG8J,A27TYK7FQNPG8J-1-8857-380,"Highly positive",Positive
A27TYK7FQNPG8J,A27TYK7FQNPG8J-1-16698-380,"Recreation & Leisure","Recreation & Leisure"
A27TYK7FQNPG8J,A27TYK7FQNPG8J-2-6187-381,4,3.0
A27TYK7FQNPG8J,A27TYK7FQNPG8J-2-18278-381,Positive,Neutral
A27TYK7FQNPG8J,A27TYK7FQNPG8J-2-17279-381,Family/Friends/Relationships,"Personal Growth"
A27TYK7FQNPG8J,A27TYK7FQNPG8J-3-7729-382,4,3.33
A27TYK7FQNPG8J,A27TYK7FQNPG8J-3-10350-382,plain,plain
A27TYK7FQNPG8J,A27TYK7FQNPG8J-3-15680-382,false,False
A1EGD98S2MCHV6,A1EGD98S2MCHV6-1-11012-383,squares,squares
A1EGD98S2MCHV6,A1EGD98S2MCHV6-1-997-383,Yes,Yes
A1EGD98S2MCHV6,A1EGD98S2MCHV6-1-12079-383,"Lylou Grand",LYLOU
A1EGD98S2MCHV6,A1EGD98S2MCHV6-2-8444-384,"Photo unavailable",Neutral
A1EGD98S2MCHV6,A1EGD98S2MCHV6-2-13846-384,Ethan,ETHAN
A1EGD98S2MCHV6,A1EGD98S2MCHV6-3-10921-385,floral,floral
A1EGD98S2MCHV6,A1EGD98S2MCHV6-3-703-385,Yes,Yes
A1EGD98S2MCHV6,A1EGD98S2MCHV6-3-19774-385,Negative,Neutral
AOYPWVN6SETEU,AOYPWVN6SETEU-1-17531-386,"Health & Fitness","Health & Fitness"
AOYPWVN6SETEU,AOYPWVN6SETEU-1-14651-386,false,False
AOYPWVN6SETEU,AOYPWVN6SETEU-1-18551-386,Neutral,Neutral
AOYPWVN6SETEU,AOYPWVN6SETEU-2-11929-387,plain,plain
AOYPWVN6SETEU,AOYPWVN6SETEU-2-19059-387,"Highly positive",Positive
AOYPWVN6SETEU,AOYPWVN6SETEU-2-13247-387,Romain,ROMAIN
AOYPWVN6SETEU,AOYPWVN6SETEU-3-15547-388,true,False
AOYPWVN6SETEU,AOYPWVN6SETEU-3-18912-388,Neutral,Neutral
AOYPWVN6SETEU,AOYPWVN6SETEU-3-1598-388,No,Yes
A333JTLOVOOWS,A333JTLOVOOWS-1-5413-391,no,no
A333JTLOVOOWS,A333JTLOVOOWS-2-15112-392,false,False
A2880Y23V0UITQ,A2880Y23V0UITQ-1-8961-393,Positive,Positive
A2880Y23V0UITQ,A2880Y23V0UITQ-1-1794-393,"I can't tell",Yes
A2880Y23V0UITQ,A2880Y23V0UITQ-1-13191-393,alban,ALBAN
A333JTLOVOOWS,A333JTLOVOOWS-2-2744-392,5,1.0
A2880Y23V0UITQ,A2880Y23V0UITQ-2-16310-394,Education/Training,Humor
A333JTLOVOOWS,A333JTLOVOOWS-2-4147-392,yes,yes
A2880Y23V0UITQ,A2880Y23V0UITQ-2-19995-394,Positive,Neutral
A2880Y23V0UITQ,A2880Y23V0UITQ-3-2775-395,1,1.0
A2880Y23V0UITQ,A2880Y23V0UITQ-3-6507-395,4,4.0
A333JTLOVOOWS,A333JTLOVOOWS-3-2270-393,7,7.0
A2880Y23V0UITQ,A2880Y23V0UITQ-3-1654-395,Yes,Yes
A333JTLOVOOWS,A333JTLOVOOWS-3-1027-393,"I can't tell",No
AXIBH7VDPVJQF,AXIBH7VDPVJQF-1-18635-397,Positive,Neutral
AXIBH7VDPVJQF,AXIBH7VDPVJQF-2-2642-398,1,2.0
AXIBH7VDPVJQF,AXIBH7VDPVJQF-2-7022-398,1,4.2
AXIBH7VDPVJQF,AXIBH7VDPVJQF-1-6881-399,5,3.8
AXIBH7VDPVJQF,AXIBH7VDPVJQF-2-15990-400,false,False
AXIBH7VDPVJQF,AXIBH7VDPVJQF-3-11472-401,plain,plain
AXIBH7VDPVJQF,AXIBH7VDPVJQF-3-10106-401,floral,floral
A2YDQBA23C2D94,A2YDQBA23C2D94-1-15607-403,false,False
A2YDQBA23C2D94,A2YDQBA23C2D94-1-4823-403,yes,no
A2YDQBA23C2D94,A2YDQBA23C2D94-1-10039-403,"polka dot",plain
A2YDQBA23C2D94,A2YDQBA23C2D94-2-11854-404,floral,floral
A2YDQBA23C2D94,A2YDQBA23C2D94-2-4368-404,yes,unk
A2YDQBA23C2D94,A2YDQBA23C2D94-2-18593-404,"Highly positive",Positive
A2YDQBA23C2D94,A2YDQBA23C2D94-3-4315-405,yes,yes
A2YDQBA23C2D94,A2YDQBA23C2D94-3-19375-405,Positive,Positive
A2YDQBA23C2D94,A2YDQBA23C2D94-3-13641-405,ELSA,ELSA
A89HSG51VTPP0,A89HSG51VTPP0-1-2701-406,1,1.0
A89HSG51VTPP0,A89HSG51VTPP0-1-18295-406,Positive,Positive
A89HSG51VTPP0,A89HSG51VTPP0-1-18269-406,Positive,Neutral
A89HSG51VTPP0,A89HSG51VTPP0-2-2508-407,1,1.0
A89HSG51VTPP0,A89HSG51VTPP0-2-19322-407,Neutral,Neutral
A89HSG51VTPP0,A89HSG51VTPP0-3-5303-408,no,no
A89HSG51VTPP0,A89HSG51VTPP0-3-6914-408,3,3.2
A89HSG51VTPP0,A89HSG51VTPP0-3-18350-408,Positive,Neutral
A3FBQV3DE249YE,A3FBQV3DE249YE-1-18004-410,Neutral,Neutral
A3FBQV3DE249YE,A3FBQV3DE249YE-1-13231-410,ALLAN,ALLAN
A3FBQV3DE249YE,A3FBQV3DE249YE-2-19509-411,Negative,Neutral
A3FBQV3DE249YE,A3FBQV3DE249YE-2-16177-411,Family/Friends/Relationships,"Personal Growth"
A3FBQV3DE249YE,A3FBQV3DE249YE-3-8100-412,"Photo unavailable",Positive
A3FBQV3DE249YE,A3FBQV3DE249YE-3-9323-412,"Highly positive",Positive
A3FBQV3DE249YE,A3FBQV3DE249YE-3-18494-412,Neutral,Neutral
AFVL73MUIT7F4,AFVL73MUIT7F4-3-1012-416,Yes,Yes
AFVL73MUIT7F4,AFVL73MUIT7F4-1-18400-417,Neutral,Neutral
AFVL73MUIT7F4,AFVL73MUIT7F4-1-11550-417,plain,plain
AFVL73MUIT7F4,AFVL73MUIT7F4-2-18635-418,Neutral,Neutral
AFVL73MUIT7F4,AFVL73MUIT7F4-2-13771-418,valerian,VALERIAN
AFVL73MUIT7F4,AFVL73MUIT7F4-3-1110-419,Yes,Yes
A3B84NGQT7Z9WE,A3B84NGQT7Z9WE-1-18139-420,Positive,Neutral
A3B84NGQT7Z9WE,A3B84NGQT7Z9WE-1-6141-420,4,3.0
A3B84NGQT7Z9WE,A3B84NGQT7Z9WE-1-8374-420,"Highly positive",Positive
A3B84NGQT7Z9WE,A3B84NGQT7Z9WE-2-15737-421,false,False
A3B84NGQT7Z9WE,A3B84NGQT7Z9WE-2-3239-421,1,1.0
A3B84NGQT7Z9WE,A3B84NGQT7Z9WE-2-13799-421,JESSICA,JESSICA
A3B84NGQT7Z9WE,A3B84NGQT7Z9WE-3-6997-422,4,4.2
A3B84NGQT7Z9WE,A3B84NGQT7Z9WE-3-16717-422,Family/Friends/Relationships,"Personal Growth"
AP284C26MDI4C,AP284C26MDI4C-1-15114-423,false,False
AP284C26MDI4C,AP284C26MDI4C-1-15820-423,false,False
AP284C26MDI4C,AP284C26MDI4C-1-6012-423,3,3.0
AP284C26MDI4C,AP284C26MDI4C-2-12001-424,himelin,HIMELIN
AP284C26MDI4C,AP284C26MDI4C-2-19876-424,"Highly negative",Positive
AP284C26MDI4C,AP284C26MDI4C-2-15219-424,true,False
AP284C26MDI4C,AP284C26MDI4C-3-588-425,No,Yes
AP284C26MDI4C,AP284C26MDI4C-3-9820-425,Positive,Positive
AP284C26MDI4C,AP284C26MDI4C-3-13008-425,nicolas,NICOLAS
A1QC6WNXRWWPCC,A1QC6WNXRWWPCC-1-7225-426,5,4.2
A1QC6WNXRWWPCC,A1QC6WNXRWWPCC-1-19833-426,Positive,Neutral
A1QC6WNXRWWPCC,A1QC6WNXRWWPCC-1-13206-426,LEANDRE,LEANDRE
A1QC6WNXRWWPCC,A1QC6WNXRWWPCC-2-3403-427,1,1.0
A1QC6WNXRWWPCC,A1QC6WNXRWWPCC-2-14759-427,false,False
A1QC6WNXRWWPCC,A1QC6WNXRWWPCC-2-14643-427,false,False
A1QC6WNXRWWPCC,A1QC6WNXRWWPCC-3-16769-428,"Recreation & Leisure",Family/Friends/Relationships
A1QC6WNXRWWPCC,A1QC6WNXRWWPCC-3-11965-428,"polka dot",plain
A1QC6WNXRWWPCC,A1QC6WNXRWWPCC-3-14123-428,false,False
A3HH7T31PFH49C,A3HH7T31PFH49C-1-1897-429,Yes,Yes
A3HH7T31PFH49C,A3HH7T31PFH49C-1-14805-429,false,False
A3HH7T31PFH49C,A3HH7T31PFH49C-1-9911-429,"Photo unavailable",Neutral
A3HH7T31PFH49C,A3HH7T31PFH49C-2-17501-430,Humor,"Personal Growth"
A3HH7T31PFH49C,A3HH7T31PFH49C-2-5492-430,no,no
A3HH7T31PFH49C,A3HH7T31PFH49C-2-12707-430,CLARA,CLARA
A3HH7T31PFH49C,A3HH7T31PFH49C-3-15808-431,false,False
A3HH7T31PFH49C,A3HH7T31PFH49C-3-7675-431,5,3.67
A3HH7T31PFH49C,A3HH7T31PFH49C-3-10406-431,floral,floral
AL4A0AKTQGE4A,AL4A0AKTQGE4A-1-3502-432,1,1.25
AL4A0AKTQGE4A,AL4A0AKTQGE4A-1-12504-432,CLEMENT,CLEMENT
AL4A0AKTQGE4A,AL4A0AKTQGE4A-2-4718-433,yes,no
AL4A0AKTQGE4A,AL4A0AKTQGE4A-2-19866-433,Positive,Neutral
AL4A0AKTQGE4A,AL4A0AKTQGE4A-2-11421-433,plain,plain
AL4A0AKTQGE4A,AL4A0AKTQGE4A-3-16047-434,"Personal Growth","Personal Growth"
AL4A0AKTQGE4A,AL4A0AKTQGE4A-3-14182-434,false,False
A21U899S9P4XSC,A21U899S9P4XSC-1-18266-435,Positive,Neutral
A21U899S9P4XSC,A21U899S9P4XSC-2-5067-436,yes,unk
A21U899S9P4XSC,A21U899S9P4XSC-2-2063-436,7,7.0
A21U899S9P4XSC,A21U899S9P4XSC-2-372-436,No,"I can't tell"
A21U899S9P4XSC,A21U899S9P4XSC-3-14705-437,false,False
A38CJGMJRTWE87,A38CJGMJRTWE87-1-5937-438,no,no
A38CJGMJRTWE87,A38CJGMJRTWE87-1-7193-438,4,3.8
A38CJGMJRTWE87,A38CJGMJRTWE87-1-1318-438,No,Yes
A38CJGMJRTWE87,A38CJGMJRTWE87-2-9120-439,Positive,Positive
A38CJGMJRTWE87,A38CJGMJRTWE87-2-12449-439,CLARISSE,CLARISSE
A17MKHO0INIV0D,A17MKHO0INIV0D-1-15039-439,true,False
A17MKHO0INIV0D,A17MKHO0INIV0D-1-4993-439,unk,no
A38CJGMJRTWE87,A38CJGMJRTWE87-2-17174-439,Humor,Humor
A17MKHO0INIV0D,A17MKHO0INIV0D-1-13943-439,JADE,JADE
A17MKHO0INIV0D,A17MKHO0INIV0D-2-11244-440,plain,plain
A38CJGMJRTWE87,A38CJGMJRTWE87-3-10663-440,animal,plain
A38CJGMJRTWE87,A38CJGMJRTWE87-3-53-440,No,Yes
A17MKHO0INIV0D,A17MKHO0INIV0D-3-3120-441,2,1.0
A17MKHO0INIV0D,A17MKHO0INIV0D-3-5035-441,yes,no
A17MKHO0INIV0D,A17MKHO0INIV0D-3-16331-441,Career,"Personal Growth"
A3BJZIRRQVSOT7,A3BJZIRRQVSOT7-1-2345-455,7,7.0
A3BJZIRRQVSOT7,A3BJZIRRQVSOT7-1-8253-455,Positive,Positive
A3BJZIRRQVSOT7,A3BJZIRRQVSOT7-1-16078-455,Career,"Health & Fitness"
A3BJZIRRQVSOT7,A3BJZIRRQVSOT7-2-7934-456,4,3.6
A3SLY0SJLJZ0J1,A3SLY0SJLJZ0J1-1-4694-454,no,yes
A3BJZIRRQVSOT7,A3BJZIRRQVSOT7-2-8301-456,"Highly positive",Positive
A3SLY0SJLJZ0J1,A3SLY0SJLJZ0J1-2-1604-455,Yes,Yes
A3BJZIRRQVSOT7,A3BJZIRRQVSOT7-2-5220-456,unk,no
A3BJZIRRQVSOT7,A3BJZIRRQVSOT7-3-8737-457,Neutral,Negative
A3SLY0SJLJZ0J1,A3SLY0SJLJZ0J1-3-1934-456,Yes,"I can't tell"
A3BJZIRRQVSOT7,A3BJZIRRQVSOT7-3-2181-457,7,7.0
A3BJZIRRQVSOT7,A3BJZIRRQVSOT7-3-1932-457,Yes,No
A3SLY0SJLJZ0J1,A3SLY0SJLJZ0J1-3-14942-456,false,False
A1A3S0HSZZGZ43,A1A3S0HSZZGZ43-1-7826-460,1,1.6
A1A3S0HSZZGZ43,A1A3S0HSZZGZ43-1-10632-460,squares,floral
A1A3S0HSZZGZ43,A1A3S0HSZZGZ43-1-12755-460,MATHiEU,MATHIEU
A1A3S0HSZZGZ43,A1A3S0HSZZGZ43-2-8677-461,Positive,Positive
A1A3S0HSZZGZ43,A1A3S0HSZZGZ43-2-17340-461,Career,"Health & Fitness"
A1A3S0HSZZGZ43,A1A3S0HSZZGZ43-2-19717-461,Positive,"Highly positive"
A1A3S0HSZZGZ43,A1A3S0HSZZGZ43-3-6032-462,3,3.0
A1XLQVD1R2V8CL,A1XLQVD1R2V8CL-1-8001-464,"Highly positive",Neutral
A1XLQVD1R2V8CL,A1XLQVD1R2V8CL-1-8425-464,"Photo unavailable",Positive
A1XLQVD1R2V8CL,A1XLQVD1R2V8CL-1-13764-464,VALENTON,VALENTIN
A24A03BCD4TKWL,A24A03BCD4TKWL-1-6747-465,2,2.8
A24A03BCD4TKWL,A24A03BCD4TKWL-1-586-465,Yes,Yes
A24A03BCD4TKWL,A24A03BCD4TKWL-2-6214-466,4,3.0
A24A03BCD4TKWL,A24A03BCD4TKWL-2-1725-466,No,No
A24A03BCD4TKWL,A24A03BCD4TKWL-2-13870-466,ESTELLE,ESTELLE
A24A03BCD4TKWL,A24A03BCD4TKWL-3-13940-467,MANON,MANON
A2KVKODD1QM7LA,A2KVKODD1QM7LA-1-5528-470,yes,yes
A2KVKODD1QM7LA,A2KVKODD1QM7LA-1-9931-470,"Highly positive",Positive
A2KVKODD1QM7LA,A2KVKODD1QM7LA-1-19449-470,Positive,Neutral
A2KVKODD1QM7LA,A2KVKODD1QM7LA-2-5738-471,no,no
A2KVKODD1QM7LA,A2KVKODD1QM7LA-2-17808-471,"Recreation & Leisure","Personal Growth"
A2KVKODD1QM7LA,A2KVKODD1QM7LA-2-14287-471,false,False
A2KVKODD1QM7LA,A2KVKODD1QM7LA-3-6429-472,5,4.0
A2KVKODD1QM7LA,A2KVKODD1QM7LA-3-11518-472,"polka dot","polka dot"
A2KVKODD1QM7LA,A2KVKODD1QM7LA-3-11444-472,plain,plain
A714FAI9LIUO6,A714FAI9LIUO6-1-13480-473,SARAH,SARAH
A714FAI9LIUO6,A714FAI9LIUO6-1-7911-473,3,2.4
A714FAI9LIUO6,A714FAI9LIUO6-1-14655-473,false,False
A714FAI9LIUO6,A714FAI9LIUO6-2-9424-474,Neutral,Neutral
A714FAI9LIUO6,A714FAI9LIUO6-2-2401-474,7,7.0
A714FAI9LIUO6,A714FAI9LIUO6-2-15893-474,false,False
A714FAI9LIUO6,A714FAI9LIUO6-3-8690-475,Neutral,Positive
A714FAI9LIUO6,A714FAI9LIUO6-3-778-475,Yes,Yes
A714FAI9LIUO6,A714FAI9LIUO6-3-15711-475,false,False
A3JEM05G181BNU,A3JEM05G181BNU-1-3711-476,6,1.25
A3JEM05G181BNU,A3JEM05G181BNU-1-14092-476,false,False
A3JEM05G181BNU,A3JEM05G181BNU-1-1661-476,No,No
A3JEM05G181BNU,A3JEM05G181BNU-2-14229-477,false,False
A3JEM05G181BNU,A3JEM05G181BNU-2-6858-477,5,3.2
A3JEM05G181BNU,A3JEM05G181BNU-2-15043-477,false,False
A3JEM05G181BNU,A3JEM05G181BNU-3-12515-478,PAUL,PAUL
A3JEM05G181BNU,A3JEM05G181BNU-3-14535-478,false,False
A3JEM05G181BNU,A3JEM05G181BNU-3-10671-478,other,plain
A1QGQCC33OBPKM,A1QGQCC33OBPKM-1-8412-479,Neutral,Positive
A1QGQCC33OBPKM,A1QGQCC33OBPKM-1-19116-479,Neutral,Neutral
A1QGQCC33OBPKM,A1QGQCC33OBPKM-1-10576-479,plain,plain
A1QGQCC33OBPKM,A1QGQCC33OBPKM-2-7154-480,4,3.2
A1QGQCC33OBPKM,A1QGQCC33OBPKM-2-1077-480,Yes,Yes
A1QGQCC33OBPKM,A1QGQCC33OBPKM-2-17387-480,"Health & Fitness",Humor
A1QGQCC33OBPKM,A1QGQCC33OBPKM-3-4806-481,no,unk
A1QGQCC33OBPKM,A1QGQCC33OBPKM-3-7269-481,5,3.2
A1QGQCC33OBPKM,A1QGQCC33OBPKM-3-10743-481,plain,plain
AAABU3NPTCTAR,AAABU3NPTCTAR-1-3749-482,1,2.25
AAABU3NPTCTAR,AAABU3NPTCTAR-1-8375-482,"Photo unavailable",Positive
AAABU3NPTCTAR,AAABU3NPTCTAR-1-18870-482,"Highly positive",Neutral
AAABU3NPTCTAR,AAABU3NPTCTAR-2-6049-483,4,3.0
AAABU3NPTCTAR,AAABU3NPTCTAR-2-12826-483,HUGO,HUGO
AAABU3NPTCTAR,AAABU3NPTCTAR-2-11677-483,plain,plain
AAABU3NPTCTAR,AAABU3NPTCTAR-3-4005-484,yes,yes
AAABU3NPTCTAR,AAABU3NPTCTAR-3-17527-484,"Recreation & Leisure","Recreation & Leisure"
A3JF2YPCDQDLMP,A3JF2YPCDQDLMP-1-9399-485,"Highly positive",Positive
A3JF2YPCDQDLMP,A3JF2YPCDQDLMP-1-582-485,Yes,Yes
A3JF2YPCDQDLMP,A3JF2YPCDQDLMP-1-14346-485,false,False
A3JF2YPCDQDLMP,A3JF2YPCDQDLMP-2-4767-486,no,yes
A2TFCGGXOTX5YC,A2TFCGGXOTX5YC-1-7028-487,3,3.8
A2TFCGGXOTX5YC,A2TFCGGXOTX5YC-1-15464-487,true,False
A2TFCGGXOTX5YC,A2TFCGGXOTX5YC-1-17693-487,Family/Friends/Relationships,"Personal Growth"
A3JF2YPCDQDLMP,A3JF2YPCDQDLMP-2-18828-486,Neutral,Neutral
A3JF2YPCDQDLMP,A3JF2YPCDQDLMP-3-2314-487,7,7.0
A2TFCGGXOTX5YC,A2TFCGGXOTX5YC-2-10604-488,plain,plain
A3JF2YPCDQDLMP,A3JF2YPCDQDLMP-3-10711-487,geometry,floral
A3JF2YPCDQDLMP,A3JF2YPCDQDLMP-3-14331-487,true,False
A2TFCGGXOTX5YC,A2TFCGGXOTX5YC-2-12563-488,SARAH,SARAH
A2TFCGGXOTX5YC,A2TFCGGXOTX5YC-2-18198-488,Positive,Neutral
A2TFCGGXOTX5YC,A2TFCGGXOTX5YC-3-4247-489,yes,yes
A2TFCGGXOTX5YC,A2TFCGGXOTX5YC-3-19372-489,Negative,Neutral
A2TFCGGXOTX5YC,A2TFCGGXOTX5YC-3-108-489,Yes,Yes
A87ACZV5YOZSR,A87ACZV5YOZSR-1-6500-492,5,3.0
A87ACZV5YOZSR,A87ACZV5YOZSR-1-10152-492,floral,floral
A87ACZV5YOZSR,A87ACZV5YOZSR-1-1049-492,Yes,Yes
A87ACZV5YOZSR,A87ACZV5YOZSR-2-2619-493,1,1.0
A87ACZV5YOZSR,A87ACZV5YOZSR-2-13698-493,JULiE,JULIE
A87ACZV5YOZSR,A87ACZV5YOZSR-3-14657-494,false,False
A87ACZV5YOZSR,A87ACZV5YOZSR-3-18804-494,Neutral,Neutral
A87ACZV5YOZSR,A87ACZV5YOZSR-3-14843-494,false,False
A492DINSRPSH,A492DINSRPSH-1-6304-495,3,3.0
A492DINSRPSH,A492DINSRPSH-1-8406-495,Positive,Positive
A492DINSRPSH,A492DINSRPSH-1-478-495,"I can't tell",Yes
A2SGWQM3449GBZ,A2SGWQM3449GBZ-1-18047-496,Positive,Neutral
A2SGWQM3449GBZ,A2SGWQM3449GBZ-2-7402-497,4,3.8
A2SGWQM3449GBZ,A2SGWQM3449GBZ-2-9416-497,Negative,Negative
A2SGWQM3449GBZ,A2SGWQM3449GBZ-2-19172-497,"Highly positive",Positive
A2SGWQM3449GBZ,A2SGWQM3449GBZ-3-13202-498,LIAM,LIAM
A2SGWQM3449GBZ,A2SGWQM3449GBZ-3-17744-498,"Personal Growth","Personal Growth"
A2SGWQM3449GBZ,A2SGWQM3449GBZ-3-18418-498,Neutral,Neutral
A3VGEX0JSA7Q1B,A3VGEX0JSA7Q1B-1-10248-499,floral,floral
A3VGEX0JSA7Q1B,A3VGEX0JSA7Q1B-1-1804-499,No,No
A3VGEX0JSA7Q1B,A3VGEX0JSA7Q1B-2-6384-500,5,4.0
A3VGEX0JSA7Q1B,A3VGEX0JSA7Q1B-2-4597-500,yes,yes
A3VGEX0JSA7Q1B,A3VGEX0JSA7Q1B-2-19222-500,"Highly positive",Neutral
A3VGEX0JSA7Q1B,A3VGEX0JSA7Q1B-3-18616-501,"Highly positive",Neutral
A3VGEX0JSA7Q1B,A3VGEX0JSA7Q1B-3-15431-501,false,False
A18HC62T1SROBJ,A18HC62T1SROBJ-1-8430-502,Neutral,Neutral
A18HC62T1SROBJ,A18HC62T1SROBJ-1-1996-502,"I can't tell",Yes
A18HC62T1SROBJ,A18HC62T1SROBJ-1-13236-502,yylvain,YYLVAIN
A18HC62T1SROBJ,A18HC62T1SROBJ-2-6686-503,4,3.17
A18HC62T1SROBJ,A18HC62T1SROBJ-2-13703-503,DOEZWAL,DOEZWAL
A18HC62T1SROBJ,A18HC62T1SROBJ-2-12840-503,CLEO,CLEO
A18HC62T1SROBJ,A18HC62T1SROBJ-3-4851-504,no,no
A18HC62T1SROBJ,A18HC62T1SROBJ-3-17622-504,"Personal Growth","Personal Growth"
A18HC62T1SROBJ,A18HC62T1SROBJ-3-12810-504,LISA,LISA
A1EVYWS2XUIW9B,A1EVYWS2XUIW9B-1-3021-505,1,1.0
A1EVYWS2XUIW9B,A1EVYWS2XUIW9B-1-18079-505,Neutral,Neutral
A1EVYWS2XUIW9B,A1EVYWS2XUIW9B-1-13662-505,BASTIEN,BASTIEN
A1EVYWS2XUIW9B,A1EVYWS2XUIW9B-2-2486-506,7,7.0
A1EVYWS2XUIW9B,A1EVYWS2XUIW9B-2-12295-506,GABRIEL,GABRIEL
A1EVYWS2XUIW9B,A1EVYWS2XUIW9B-2-16879-506,"Personal Growth","Personal Growth"
A1EVYWS2XUIW9B,A1EVYWS2XUIW9B-3-11642-507,plain,plain
A1EVYWS2XUIW9B,A1EVYWS2XUIW9B-3-11037-507,chevron,plain
A1EVYWS2XUIW9B,A1EVYWS2XUIW9B-3-16771-507,"Recreation & Leisure",Humor
A22TFIMXS7UFDO,A22TFIMXS7UFDO-1-2639-508,5,1.0
A22TFIMXS7UFDO,A22TFIMXS7UFDO-1-10236-508,other,plain
A22TFIMXS7UFDO,A22TFIMXS7UFDO-1-17358-508,Humor,Humor
A22TFIMXS7UFDO,A22TFIMXS7UFDO-2-8635-509,Positive,Positive
A22TFIMXS7UFDO,A22TFIMXS7UFDO-2-405-509,No,"I can't tell"
A22TFIMXS7UFDO,A22TFIMXS7UFDO-2-11298-509,other,plain
A22TFIMXS7UFDO,A22TFIMXS7UFDO-3-6176-510,4,3.0
A22TFIMXS7UFDO,A22TFIMXS7UFDO-3-12635-510,SAM,SAM
A22TFIMXS7UFDO,A22TFIMXS7UFDO-3-1092-510,Yes,Yes
A16UN0D2DEWTI8,A16UN0D2DEWTI8-1-6341-511,4,3.0
A16UN0D2DEWTI8,A16UN0D2DEWTI8-1-15653-511,false,False
A16UN0D2DEWTI8,A16UN0D2DEWTI8-1-10834-511,squares,squares
A16UN0D2DEWTI8,A16UN0D2DEWTI8-2-7904-512,1,3.6
A16UN0D2DEWTI8,A16UN0D2DEWTI8-2-13080-512,Eulaly,EULALY
A16UN0D2DEWTI8,A16UN0D2DEWTI8-2-17311-512,"Personal Growth","Personal Growth"
A16UN0D2DEWTI8,A16UN0D2DEWTI8-3-2524-513,2,1.0
A16UN0D2DEWTI8,A16UN0D2DEWTI8-3-15442-513,false,False
A16UN0D2DEWTI8,A16UN0D2DEWTI8-3-18307-513,Neutral,Neutral
A2QDGN1Q8UQN8L,A2QDGN1Q8UQN8L-1-7910-514,3,2.6
A2QDGN1Q8UQN8L,A2QDGN1Q8UQN8L-2-8081-515,"Highly positive",Positive
A2QDGN1Q8UQN8L,A2QDGN1Q8UQN8L-2-11881-515,geometry,plain
A2QDGN1Q8UQN8L,A2QDGN1Q8UQN8L-2-986-515,Yes,Yes
A2QDGN1Q8UQN8L,A2QDGN1Q8UQN8L-3-585-516,Yes,Yes
A2QDGN1Q8UQN8L,A2QDGN1Q8UQN8L-3-16120-516,"Personal Growth",Philanthropic
AYQ8YE6T9W8FB,AYQ8YE6T9W8FB-1-6520-517,2,4.0
AYQ8YE6T9W8FB,AYQ8YE6T9W8FB-1-14088-517,false,False
AYQ8YE6T9W8FB,AYQ8YE6T9W8FB-1-17155-517,"Personal Growth","Personal Growth"
AYQ8YE6T9W8FB,AYQ8YE6T9W8FB-2-13876-518,"PRENOM : LOANNE",LOANNE
AYQ8YE6T9W8FB,AYQ8YE6T9W8FB-2-6907-518,3,3.2
AI01TBF4CXKXI,AI01TBF4CXKXI-1-14207-519,false,False
AI01TBF4CXKXI,AI01TBF4CXKXI-1-8758-520,"Photo unavailable",Neutral
AI01TBF4CXKXI,AI01TBF4CXKXI-1-4946-520,unk,no
AI01TBF4CXKXI,AI01TBF4CXKXI-2-14948-521,false,False
AI01TBF4CXKXI,AI01TBF4CXKXI-2-15240-521,false,False
AI01TBF4CXKXI,AI01TBF4CXKXI-2-13464-521,"VULIAGGIO MARTORIE",MARTORIE
AI01TBF4CXKXI,AI01TBF4CXKXI-3-5334-522,no,no
AI01TBF4CXKXI,AI01TBF4CXKXI-3-13059-522,EVAN,EVAN
AYQ8YE6T9W8FB,AYQ8YE6T9W8FB-2-11230-518,plain,plain
AYQ8YE6T9W8FB,AYQ8YE6T9W8FB-3-7285-519,3,3.8
AYQ8YE6T9W8FB,AYQ8YE6T9W8FB-3-5906-526,no,yes
A25VNYKP7SASYC,A25VNYKP7SASYC-1-9379-527,"Highly positive",Positive
A25VNYKP7SASYC,A25VNYKP7SASYC-1-8801-527,Negative,Positive
A25VNYKP7SASYC,A25VNYKP7SASYC-1-17026-527,Finance,Philanthropic
A25VNYKP7SASYC,A25VNYKP7SASYC-2-4196-528,no,unk
A25VNYKP7SASYC,A25VNYKP7SASYC-2-10301-528,stripes,stripes
A25VNYKP7SASYC,A25VNYKP7SASYC-2-19229-528,Positive,Neutral
A25VNYKP7SASYC,A25VNYKP7SASYC-3-9828-529,"Highly positive",Positive
A25VNYKP7SASYC,A25VNYKP7SASYC-3-17588-529,"Recreation & Leisure","Personal Growth"
A25VNYKP7SASYC,A25VNYKP7SASYC-3-15903-529,false,False
A3HC8FUORPCNN1,A3HC8FUORPCNN1-1-8125-530,"Photo unavailable",Neutral
A3HC8FUORPCNN1,A3HC8FUORPCNN1-1-14415-530,false,False
A3HC8FUORPCNN1,A3HC8FUORPCNN1-1-3110-530,2,1.0
A3HC8FUORPCNN1,A3HC8FUORPCNN1-2-15608-531,false,False
A3HC8FUORPCNN1,A3HC8FUORPCNN1-2-14206-531,false,False
A3HC8FUORPCNN1,A3HC8FUORPCNN1-2-19830-531,Positive,Neutral
A3HC8FUORPCNN1,A3HC8FUORPCNN1-3-12769-532,Antoine,ANTCINE
A3HC8FUORPCNN1,A3HC8FUORPCNN1-3-6432-532,4,3.0
A3HC8FUORPCNN1,A3HC8FUORPCNN1-3-14136-532,false,False
A1M6A01CROTF3K,A1M6A01CROTF3K-1-5175-533,no,no
A1M6A01CROTF3K,A1M6A01CROTF3K-1-9652-533,"Photo unavailable",Positive
A1M6A01CROTF3K,A1M6A01CROTF3K-1-19544-533,Neutral,Negative
A1M6A01CROTF3K,A1M6A01CROTF3K-2-2123-534,7,7.0
A1M6A01CROTF3K,A1M6A01CROTF3K-2-6066-534,2,2.0
A1M6A01CROTF3K,A1M6A01CROTF3K-2-15779-534,true,False
A1M6A01CROTF3K,A1M6A01CROTF3K-3-12912-535,GAEL,GAEL
A1M6A01CROTF3K,A1M6A01CROTF3K-3-11306-535,plain,plain
A1M6A01CROTF3K,A1M6A01CROTF3K-3-6259-535,1,3.0
A3CMEI60E7WDCT,A3CMEI60E7WDCT-1-7669-536,5,3.67
A3CMEI60E7WDCT,A3CMEI60E7WDCT-1-3751-536,5,1.25
A3CMEI60E7WDCT,A3CMEI60E7WDCT-1-12304-536,HUGO,HUGO
A3CMEI60E7WDCT,A3CMEI60E7WDCT-2-2324-537,7,7.0
A3CMEI60E7WDCT,A3CMEI60E7WDCT-2-12087-537,"BERENICE PACLET",BERENICE
A3CMEI60E7WDCT,A3CMEI60E7WDCT-2-1628-537,No,No
A3CMEI60E7WDCT,A3CMEI60E7WDCT-3-9064-538,Neutral,Negative
A3CMEI60E7WDCT,A3CMEI60E7WDCT-3-9361-538,"Photo unavailable",Neutral
A3CMEI60E7WDCT,A3CMEI60E7WDCT-3-15251-538,false,False
AC3M3W5K21QER,AC3M3W5K21QER-1-4261-539,yes,yes
AC3M3W5K21QER,AC3M3W5K21QER-1-3089-539,2,1.0
AC3M3W5K21QER,AC3M3W5K21QER-1-13297-539,"Correia Cybelia",CYBELIA
AC3M3W5K21QER,AC3M3W5K21QER-2-6710-540,5,4.17
AC3M3W5K21QER,AC3M3W5K21QER-2-3828-540,1,1.25
AC3M3W5K21QER,AC3M3W5K21QER-2-12485-540,Angele,ANGELE
AC3M3W5K21QER,AC3M3W5K21QER-3-2120-541,7,7.0
AC3M3W5K21QER,AC3M3W5K21QER-3-17205-541,"Personal Growth",Family/Friends/Relationships
AC3M3W5K21QER,AC3M3W5K21QER-3-13609-541,Julie,JULIE
A12W7ZB2DLBBY5,A12W7ZB2DLBBY5-1-9276-542,Negative,Positive
A12W7ZB2DLBBY5,A12W7ZB2DLBBY5-1-15147-542,false,False
A12W7ZB2DLBBY5,A12W7ZB2DLBBY5-1-19003-542,"Highly negative",Neutral
A12W7ZB2DLBBY5,A12W7ZB2DLBBY5-2-16758-543,"Recreation & Leisure",Career
A12W7ZB2DLBBY5,A12W7ZB2DLBBY5-2-8504-543,"Highly negative",Negative
A12W7ZB2DLBBY5,A12W7ZB2DLBBY5-2-18450-543,"Highly positive",Neutral
A12W7ZB2DLBBY5,A12W7ZB2DLBBY5-3-10149-544,plain,plain
A12W7ZB2DLBBY5,A12W7ZB2DLBBY5-3-1119-544,Yes,Yes
A12W7ZB2DLBBY5,A12W7ZB2DLBBY5-3-11532-544,floral,floral
A1EK0G6HYJ60O1,A1EK0G6HYJ60O1-1-8362-545,Positive,Positive
A1EK0G6HYJ60O1,A1EK0G6HYJ60O1-1-10432-545,other,plain
A1EK0G6HYJ60O1,A1EK0G6HYJ60O1-2-4845-546,no,yes
A1EK0G6HYJ60O1,A1EK0G6HYJ60O1-2-8217-546,Positive,Positive
A1EK0G6HYJ60O1,A1EK0G6HYJ60O1-2-10852-546,plain,plain
A1EK0G6HYJ60O1,A1EK0G6HYJ60O1-3-14559-547,false,False
A1EK0G6HYJ60O1,A1EK0G6HYJ60O1-3-11511-547,plain,plain
A1EK0G6HYJ60O1,A1EK0G6HYJ60O1-3-19870-547,Neutral,Neutral
A1T0ND039EWAVV,A1T0ND039EWAVV-1-6903-548,4,3.2
A1T0ND039EWAVV,A1T0ND039EWAVV-2-6392-549,4,4.0
A1T0ND039EWAVV,A1T0ND039EWAVV-2-6304-549,5,3.0
A1T0ND039EWAVV,A1T0ND039EWAVV-3-6735-550,5,3.2
A1T0ND039EWAVV,A1T0ND039EWAVV-3-17066-550,Humor,Humor
A1T0ND039EWAVV,A1T0ND039EWAVV-3-392-550,Yes,"I can't tell"
AURYD2FH3FUOQ,AURYD2FH3FUOQ-1-6403-551,4,3.0
AURYD2FH3FUOQ,AURYD2FH3FUOQ-1-11858-551,other,plain
AURYD2FH3FUOQ,AURYD2FH3FUOQ-1-389-551,No,"I can't tell"
AURYD2FH3FUOQ,AURYD2FH3FUOQ-2-17983-552,"Time Management/Organization",Career
AURYD2FH3FUOQ,AURYD2FH3FUOQ-2-18545-552,Neutral,Neutral
AURYD2FH3FUOQ,AURYD2FH3FUOQ-2-1772-552,No,"I can't tell"
AURYD2FH3FUOQ,AURYD2FH3FUOQ-3-2988-553,1,1.0
AURYD2FH3FUOQ,AURYD2FH3FUOQ-3-9727-553,Neutral,Positive
AURYD2FH3FUOQ,AURYD2FH3FUOQ-3-18344-553,Neutral,Neutral
A2AI4HOWRCG7KZ,A2AI4HOWRCG7KZ-1-5411-554,no,no
A2AI4HOWRCG7KZ,A2AI4HOWRCG7KZ-1-9146-554,Neutral,Positive
A2AI4HOWRCG7KZ,A2AI4HOWRCG7KZ-1-13859-554,Chloe,CHLOE
A2AI4HOWRCG7KZ,A2AI4HOWRCG7KZ-2-5770-555,yes,yes
A2AI4HOWRCG7KZ,A2AI4HOWRCG7KZ-2-519-555,Yes,Yes
A2AI4HOWRCG7KZ,A2AI4HOWRCG7KZ-2-10272-555,plain,plain
A2AI4HOWRCG7KZ,A2AI4HOWRCG7KZ-3-16194-556,Humor,"Personal Growth"
A2AI4HOWRCG7KZ,A2AI4HOWRCG7KZ-3-13404-556,Bilal,BILAL
A2AI4HOWRCG7KZ,A2AI4HOWRCG7KZ-3-15910-556,false,False
A34AQDMF5GVHVY,A34AQDMF5GVHVY-1-18869-557,"Highly positive",Positive
A1VA5PON4OHGYA,A1VA5PON4OHGYA-1-17647-558,"Personal Growth","Personal Growth"
A1VA5PON4OHGYA,A1VA5PON4OHGYA-1-12218-558,ANAEL,ANAEL
A1VA5PON4OHGYA,A1VA5PON4OHGYA-2-6629-559,4,3.17
A1VA5PON4OHGYA,A1VA5PON4OHGYA-2-4656-559,no,no
A1VA5PON4OHGYA,A1VA5PON4OHGYA-2-11930-559,floral,floral
A1VA5PON4OHGYA,A1VA5PON4OHGYA-3-8966-560,Neutral,Positive
A1VA5PON4OHGYA,A1VA5PON4OHGYA-3-17911-560,Finance,"Personal Growth"
A1VA5PON4OHGYA,A1VA5PON4OHGYA-3-11173-560,stripes,plain
A2HG1N3BVQO6I,A2HG1N3BVQO6I-1-13892-561,Kimberley,KIMBERLEY
A2HG1N3BVQO6I,A2HG1N3BVQO6I-1-3551-561,2,1.25
A27GK6AHDNFW5Y,A27GK6AHDNFW5Y-1-9646-562,"Highly positive",Neutral
A27GK6AHDNFW5Y,A27GK6AHDNFW5Y-2-19255-563,Negative,Neutral
A27GK6AHDNFW5Y,A27GK6AHDNFW5Y-2-13518-563,"Parise lou",LOU
A27GK6AHDNFW5Y,A27GK6AHDNFW5Y-3-14567-564,false,False
A27GK6AHDNFW5Y,A27GK6AHDNFW5Y-1-18858-565,Positive,Neutral
A27GK6AHDNFW5Y,A27GK6AHDNFW5Y-1-515-565,No,Yes
A27GK6AHDNFW5Y,A27GK6AHDNFW5Y-2-4230-566,yes,yes
A27GK6AHDNFW5Y,A27GK6AHDNFW5Y-3-16845-567,Career,"Time Management/Organization"
A27GK6AHDNFW5Y,A27GK6AHDNFW5Y-3-7002-567,3,3.8
A1VDK8E57UTTX8,A1VDK8E57UTTX8-1-9469-568,"Highly positive",Positive
A1VDK8E57UTTX8,A1VDK8E57UTTX8-1-18187-568,"Highly negative",Negative
A1VDK8E57UTTX8,A1VDK8E57UTTX8-2-12416-569,QUENTIN,QUENTIN
A1VDK8E57UTTX8,A1VDK8E57UTTX8-2-4903-569,no,no
A1VDK8E57UTTX8,A1VDK8E57UTTX8-3-4871-570,no,no
A1VDK8E57UTTX8,A1VDK8E57UTTX8-3-17504-570,"Health & Fitness","Health & Fitness"
A24JNJIJ6SKKVZ,A24JNJIJ6SKKVZ-1-4052-571,no,yes
A24JNJIJ6SKKVZ,A24JNJIJ6SKKVZ-1-1070-571,"I can't tell","I can't tell"
A24JNJIJ6SKKVZ,A24JNJIJ6SKKVZ-1-18778-571,"Highly positive",Neutral
A24JNJIJ6SKKVZ,A24JNJIJ6SKKVZ-2-3268-572,5,1.0
A24JNJIJ6SKKVZ,A24JNJIJ6SKKVZ-2-987-572,"I can't tell","I can't tell"
A24JNJIJ6SKKVZ,A24JNJIJ6SKKVZ-2-14706-572,false,False
A24JNJIJ6SKKVZ,A24JNJIJ6SKKVZ-3-4249-573,no,no
A24JNJIJ6SKKVZ,A24JNJIJ6SKKVZ-3-487-573,Yes,Yes
A24JNJIJ6SKKVZ,A24JNJIJ6SKKVZ-3-16347-573,"Personal Growth","Recreation & Leisure"
A1HNR6OIRFCEHS,A1HNR6OIRFCEHS-1-3562-574,1,1.25
A1HNR6OIRFCEHS,A1HNR6OIRFCEHS-1-4516-574,yes,yes
A1HNR6OIRFCEHS,A1HNR6OIRFCEHS-1-17429-574,"Personal Growth","Personal Growth"
A1HNR6OIRFCEHS,A1HNR6OIRFCEHS-2-2484-575,7,7.0
A1HNR6OIRFCEHS,A1HNR6OIRFCEHS-2-7755-575,5,3.33
A1HNR6OIRFCEHS,A1HNR6OIRFCEHS-2-19453-575,Positive,Neutral
A1HNR6OIRFCEHS,A1HNR6OIRFCEHS-3-8617-576,Positive,Negative
A1HNR6OIRFCEHS,A1HNR6OIRFCEHS-3-7026-576,5,3.8
A1HNR6OIRFCEHS,A1HNR6OIRFCEHS-3-1575-576,Yes,Yes
AR8NJPVR13ULD,AR8NJPVR13ULD-1-4996-577,no,no
AR8NJPVR13ULD,AR8NJPVR13ULD-1-15217-577,false,False
AR8NJPVR13ULD,AR8NJPVR13ULD-1-10379-577,plain,plain
AR8NJPVR13ULD,AR8NJPVR13ULD-2-12792-578,sajio,SAJID
AR8NJPVR13ULD,AR8NJPVR13ULD-2-5792-578,yes,yes
AR8NJPVR13ULD,AR8NJPVR13ULD-2-16192-578,Career,Philanthropic
A240AZYMGFEEHD,A240AZYMGFEEHD-1-5747-579,no,yes
AR8NJPVR13ULD,AR8NJPVR13ULD-3-2514-579,1,1.0
AR8NJPVR13ULD,AR8NJPVR13ULD-3-9145-579,"Photo unavailable",Neutral
A240AZYMGFEEHD,A240AZYMGFEEHD-1-15961-579,false,False
AR8NJPVR13ULD,AR8NJPVR13ULD-3-16840-579,"Recreation & Leisure","Recreation & Leisure"
A240AZYMGFEEHD,A240AZYMGFEEHD-1-16903-579,Philanthropic,"Personal Growth"
A240AZYMGFEEHD,A240AZYMGFEEHD-2-13943-580,jade,JADE
A240AZYMGFEEHD,A240AZYMGFEEHD-2-13628-580,nalou,NALOU
A240AZYMGFEEHD,A240AZYMGFEEHD-2-11161-580,stripes,plain
A240AZYMGFEEHD,A240AZYMGFEEHD-3-2527-581,1,1.0
A240AZYMGFEEHD,A240AZYMGFEEHD-3-13594-581,joanne,JOANNE
A240AZYMGFEEHD,A240AZYMGFEEHD-3-19538-581,Negative,Positive
A1EJ0659YRDUOR,A1EJ0659YRDUOR-1-2037-583,7,7.0
A1EJ0659YRDUOR,A1EJ0659YRDUOR-1-16607-583,Family/Friends/Relationships,Family/Friends/Relationships
A1EJ0659YRDUOR,A1EJ0659YRDUOR-1-1258-583,No,No
A1EJ0659YRDUOR,A1EJ0659YRDUOR-2-2738-584,1,1.0
A1EJ0659YRDUOR,A1EJ0659YRDUOR-2-16350-584,"Recreation & Leisure","Recreation & Leisure"
A1EJ0659YRDUOR,A1EJ0659YRDUOR-2-13146-584,"Can't tell",EODA
A1EJ0659YRDUOR,A1EJ0659YRDUOR-3-17341-585,Family/Friends/Relationships,Humor
A1EJ0659YRDUOR,A1EJ0659YRDUOR-3-12957-585,LUCA,LUCA
A1EJ0659YRDUOR,A1EJ0659YRDUOR-3-15795-585,false,False
A1O7NHQ5GTT78D,A1O7NHQ5GTT78D-1-9384-586,"Highly positive",Positive
A1O7NHQ5GTT78D,A1O7NHQ5GTT78D-1-17786-586,"Personal Growth","Personal Growth"
A1O7NHQ5GTT78D,A1O7NHQ5GTT78D-1-1095-586,Yes,Yes
A1O7NHQ5GTT78D,A1O7NHQ5GTT78D-2-6006-587,3,3.0
A1O7NHQ5GTT78D,A1O7NHQ5GTT78D-2-19916-587,Neutral,Neutral
A1O7NHQ5GTT78D,A1O7NHQ5GTT78D-2-91-587,No,Yes
A1O7NHQ5GTT78D,A1O7NHQ5GTT78D-3-2463-588,7,7.0
A1O7NHQ5GTT78D,A1O7NHQ5GTT78D-3-793-588,No,No
A1AYYEZDTP7VL,A1AYYEZDTP7VL-2-7080-590,4,3.8
A1AYYEZDTP7VL,A1AYYEZDTP7VL-3-2880-591,2,1.0
A29N0ZNP2039G4,A29N0ZNP2039G4-1-8485-592,Neutral,Neutral
A29N0ZNP2039G4,A29N0ZNP2039G4-1-13395-592,"",ANASTASYA
A29N0ZNP2039G4,A29N0ZNP2039G4-2-6237-593,3,3.0
A29N0ZNP2039G4,A29N0ZNP2039G4-2-1387-593,No,Yes
A29N0ZNP2039G4,A29N0ZNP2039G4-2-16387-593,Finance,"Personal Growth"
A29N0ZNP2039G4,A29N0ZNP2039G4-3-6880-594,1,3.2
A29N0ZNP2039G4,A29N0ZNP2039G4-3-1330-594,Yes,Yes
A29N0ZNP2039G4,A29N0ZNP2039G4-3-16315-594,Finance,Humor
AXKHNWMKGT751,AXKHNWMKGT751-1-9795-595,"Photo unavailable",Neutral
AXKHNWMKGT751,AXKHNWMKGT751-1-7085-595,5,4.2
AXKHNWMKGT751,AXKHNWMKGT751-1-8283-595,"Photo unavailable",Neutral
AXKHNWMKGT751,AXKHNWMKGT751-2-7193-596,4,3.8
AXKHNWMKGT751,AXKHNWMKGT751-2-14478-596,false,True
AXKHNWMKGT751,AXKHNWMKGT751-2-3309-596,1,1.0
AXKHNWMKGT751,AXKHNWMKGT751-3-14822-597,true,False
AXKHNWMKGT751,AXKHNWMKGT751-3-4134-597,no,no
AXKHNWMKGT751,AXKHNWMKGT751-3-11704-597,other,plain
A2KFOOEQWGN0GK,A2KFOOEQWGN0GK-1-6676-599,5,3.83
A2KFOOEQWGN0GK,A2KFOOEQWGN0GK-1-10043-599,other,plain
A2KFOOEQWGN0GK,A2KFOOEQWGN0GK-1-647-599,Yes,Yes
A2KFOOEQWGN0GK,A2KFOOEQWGN0GK-2-8660-600,Neutral,Positive
A2KFOOEQWGN0GK,A2KFOOEQWGN0GK-2-11359-600,stripes,stripes
A2KFOOEQWGN0GK,A2KFOOEQWGN0GK-2-16492-600,Family/Friends/Relationships,Family/Friends/Relationships
A2KFOOEQWGN0GK,A2KFOOEQWGN0GK-3-11188-601,other,plain
A2KFOOEQWGN0GK,A2KFOOEQWGN0GK-3-17196-601,Finance,"Health & Fitness"
A2KFOOEQWGN0GK,A2KFOOEQWGN0GK-3-19013-601,Positive,Neutral
A3LK3IO0AFGGTQ,A3LK3IO0AFGGTQ-1-5828-602,no,unk
A3LK3IO0AFGGTQ,A3LK3IO0AFGGTQ-1-12636-602,Candice,CANDICE
A3LK3IO0AFGGTQ,A3LK3IO0AFGGTQ-1-11007-602,ikat,plain
A3LK3IO0AFGGTQ,A3LK3IO0AFGGTQ-2-5526-603,no,no
A3LK3IO0AFGGTQ,A3LK3IO0AFGGTQ-2-17021-603,Finance,Philanthropic
A3LK3IO0AFGGTQ,A3LK3IO0AFGGTQ-2-1798-603,Yes,Yes
A3LK3IO0AFGGTQ,A3LK3IO0AFGGTQ-3-9460-604,"Photo unavailable",Neutral
A3LK3IO0AFGGTQ,A3LK3IO0AFGGTQ-3-16462-604,Finance,Finance
A3LK3IO0AFGGTQ,A3LK3IO0AFGGTQ-3-1568-604,No,Yes
AJCBMAQ4UKHMO,AJCBMAQ4UKHMO-3-3511-608,1,1.25
A2Y1EVP8EPRLS3,A2Y1EVP8EPRLS3-1-5816-610,yes,yes
A2Y1EVP8EPRLS3,A2Y1EVP8EPRLS3-1-7265-610,5,3.8
A2Y1EVP8EPRLS3,A2Y1EVP8EPRLS3-2-982-611,Yes,"I can't tell"
A2Y1EVP8EPRLS3,A2Y1EVP8EPRLS3-2-13229-611,AVRIL,AVRIL
A2Y1EVP8EPRLS3,A2Y1EVP8EPRLS3-3-3062-612,1,1.0
A2Y1EVP8EPRLS3,A2Y1EVP8EPRLS3-3-4242-612,no,unk
A2Y1EVP8EPRLS3,A2Y1EVP8EPRLS3-3-19973-612,"Highly positive",Neutral
A3SWYPKNAPAQKI,A3SWYPKNAPAQKI-1-7533-613,4,3.2
A3SWYPKNAPAQKI,A3SWYPKNAPAQKI-1-9715-613,Negative,Negative
A3SWYPKNAPAQKI,A3SWYPKNAPAQKI-1-11327-613,chevron,tribal
A3SWYPKNAPAQKI,A3SWYPKNAPAQKI-2-6322-614,5,4.0
A3SWYPKNAPAQKI,A3SWYPKNAPAQKI-2-2685-614,1,1.0
A3SWYPKNAPAQKI,A3SWYPKNAPAQKI-2-3507-614,1,1.25
A3SWYPKNAPAQKI,A3SWYPKNAPAQKI-3-8851-615,Positive,Positive
A3SWYPKNAPAQKI,A3SWYPKNAPAQKI-3-12838-615,"LEE ANN","LEE ANN"
A3SWYPKNAPAQKI,A3SWYPKNAPAQKI-3-5851-615,no,unk
A9UBOMDU3AJYF,A9UBOMDU3AJYF-1-3037-616,2,1.0
A9UBOMDU3AJYF,A9UBOMDU3AJYF-1-7301-616,5,4.2
A9UBOMDU3AJYF,A9UBOMDU3AJYF-1-17039-616,"Recreation & Leisure",Humor
A9UBOMDU3AJYF,A9UBOMDU3AJYF-2-8407-617,"Photo unavailable",Neutral
A9UBOMDU3AJYF,A9UBOMDU3AJYF-2-13917-617,TRISTAN,TRISTAN
A9UBOMDU3AJYF,A9UBOMDU3AJYF-2-16805-617,Humor,"Personal Growth"
A9UBOMDU3AJYF,A9UBOMDU3AJYF-3-2194-618,7,7.0
A9UBOMDU3AJYF,A9UBOMDU3AJYF-3-7404-618,4,3.2
A9UBOMDU3AJYF,A9UBOMDU3AJYF-3-18101-618,Positive,Neutral
A2IRIBEI9NTIW8,A2IRIBEI9NTIW8-1-8145-619,Positive,Positive
A2IRIBEI9NTIW8,A2IRIBEI9NTIW8-1-12596-619,Lucas,LUCAS
A2IRIBEI9NTIW8,A2IRIBEI9NTIW8-1-818-619,Yes,"I can't tell"
A2IRIBEI9NTIW8,A2IRIBEI9NTIW8-2-3218-620,2,1.0
A2IRIBEI9NTIW8,A2IRIBEI9NTIW8-2-19497-620,"Highly positive",Positive
A2IRIBEI9NTIW8,A2IRIBEI9NTIW8-2-10868-620,stripes,plain
A2IRIBEI9NTIW8,A2IRIBEI9NTIW8-3-3067-621,2,1.0
A2IRIBEI9NTIW8,A2IRIBEI9NTIW8-3-13205-621,Melanie,MELANIE
A2IRIBEI9NTIW8,A2IRIBEI9NTIW8-3-16401-621,"Recreation & Leisure",Humor
A1BMJX36PG4EMH,A1BMJX36PG4EMH-1-2445-622,7,7.0
A1BMJX36PG4EMH,A1BMJX36PG4EMH-1-6048-622,4,3.0
A1BMJX36PG4EMH,A1BMJX36PG4EMH-1-17359-622,Career,"Recreation & Leisure"
A1BMJX36PG4EMH,A1BMJX36PG4EMH-2-3865-623,1,1.25
A1BMJX36PG4EMH,A1BMJX36PG4EMH-2-10814-623,geometry,"polka dot"
A1BMJX36PG4EMH,A1BMJX36PG4EMH-3-12979-624,maiween,MAIWENN
A1BMJX36PG4EMH,A1BMJX36PG4EMH-3-13346-624,paul,PAUL
A37PIUFK0S7FGQ,A37PIUFK0S7FGQ-1-4139-625,unk,yes
A37PIUFK0S7FGQ,A37PIUFK0S7FGQ-1-18780-625,"Highly positive",Neutral
A37PIUFK0S7FGQ,A37PIUFK0S7FGQ-1-19945-625,"Highly positive",Neutral
A37PIUFK0S7FGQ,A37PIUFK0S7FGQ-2-4444-626,unk,yes
A37PIUFK0S7FGQ,A37PIUFK0S7FGQ-2-14728-626,false,False
A37PIUFK0S7FGQ,A37PIUFK0S7FGQ-2-18499-626,"Highly positive",Neutral
A37PIUFK0S7FGQ,A37PIUFK0S7FGQ-3-2267-627,7,7.0
A37PIUFK0S7FGQ,A37PIUFK0S7FGQ-3-6187-627,4,3.0
A37PIUFK0S7FGQ,A37PIUFK0S7FGQ-3-15839-627,false,False
A1LUWOV426JV1N,A1LUWOV426JV1N-1-13884-628,JOSHUA,JOSHUA
A1LUWOV426JV1N,A1LUWOV426JV1N-1-1699-628,"I can't tell","I can't tell"
A1LUWOV426JV1N,A1LUWOV426JV1N-2-3373-629,1,1.0
A1LUWOV426JV1N,A1LUWOV426JV1N-2-19233-629,"Highly negative",Neutral
A1LUWOV426JV1N,A1LUWOV426JV1N-2-14474-629,false,False
A1LUWOV426JV1N,A1LUWOV426JV1N-3-17008-630,"Health & Fitness","Health & Fitness"
A1LUWOV426JV1N,A1LUWOV426JV1N-3-6298-630,4,5.0
A1LUWOV426JV1N,A1LUWOV426JV1N-3-11472-630,plain,plain
AMHZ8D856PO3F,AMHZ8D856PO3F-1-12083-631,DORIAN,DORIAN
AMHZ8D856PO3F,AMHZ8D856PO3F-1-3135-631,1,1.0
AMHZ8D856PO3F,AMHZ8D856PO3F-1-15201-631,false,False
AMHZ8D856PO3F,AMHZ8D856PO3F-2-2051-632,7,7.0
AMHZ8D856PO3F,AMHZ8D856PO3F-2-15334-632,false,False
AMHZ8D856PO3F,AMHZ8D856PO3F-3-15013-633,false,False
AMHZ8D856PO3F,AMHZ8D856PO3F-3-18702-633,Positive,Negative
AMHZ8D856PO3F,AMHZ8D856PO3F-3-8860-633,"Photo unavailable",Neutral
A2FAKTUX48XA8L,A2FAKTUX48XA8L-1-4071-634,no,no
A2FAKTUX48XA8L,A2FAKTUX48XA8L-1-6016-634,3,3.0
A2FAKTUX48XA8L,A2FAKTUX48XA8L-1-1980-634,"I can't tell","I can't tell"
A2FAKTUX48XA8L,A2FAKTUX48XA8L-2-15206-635,false,False
A2FAKTUX48XA8L,A2FAKTUX48XA8L-2-14075-635,false,False
A2FAKTUX48XA8L,A2FAKTUX48XA8L-2-16797-635,Humor,Humor
A2FAKTUX48XA8L,A2FAKTUX48XA8L-3-7770-636,5,3.33
A2FAKTUX48XA8L,A2FAKTUX48XA8L-3-16801-636,"Recreation & Leisure","Recreation & Leisure"
A2FAKTUX48XA8L,A2FAKTUX48XA8L-3-16989-636,Education/Training,Philanthropic
A2CAMPAA7650H2,A2CAMPAA7650H2-1-11291-637,plain,plain
A23OGMOKERQS5R,A23OGMOKERQS5R-1-12635-638,SAM,SAM
A23OGMOKERQS5R,A23OGMOKERQS5R-1-2226-638,7,7.0
A23OGMOKERQS5R,A23OGMOKERQS5R-1-19855-638,Positive,Neutral
A23OGMOKERQS5R,A23OGMOKERQS5R-2-9326-639,Negative,Positive
A23OGMOKERQS5R,A23OGMOKERQS5R-2-6690-639,3,4.17
A23OGMOKERQS5R,A23OGMOKERQS5R-2-11527-639,plain,plain
A23OGMOKERQS5R,A23OGMOKERQS5R-3-8968-640,Positive,Neutral
A23OGMOKERQS5R,A23OGMOKERQS5R-3-17122-640,"Personal Growth","Personal Growth"
A23OGMOKERQS5R,A23OGMOKERQS5R-3-11488-640,plain,plain
A14JGIN4ZXXLGD,A14JGIN4ZXXLGD-1-7724-641,4,3.33
A14JGIN4ZXXLGD,A14JGIN4ZXXLGD-1-5180-641,no,no
A14JGIN4ZXXLGD,A14JGIN4ZXXLGD-1-10836-641,plain,plain
A14JGIN4ZXXLGD,A14JGIN4ZXXLGD-2-15037-642,false,False
A14JGIN4ZXXLGD,A14JGIN4ZXXLGD-2-13663-642,Clairine,CLAIRINE
A14JGIN4ZXXLGD,A14JGIN4ZXXLGD-3-13107-643,Lylien,LYLIEN
A14JGIN4ZXXLGD,A14JGIN4ZXXLGD-3-14488-643,false,False
A31EUQA8YR9SPI,A31EUQA8YR9SPI-1-2662-644,1,1.0
A31EUQA8YR9SPI,A31EUQA8YR9SPI-1-5826-644,unk,unk
A31EUQA8YR9SPI,A31EUQA8YR9SPI-1-10645-644,"polka dot",animal
A31EUQA8YR9SPI,A31EUQA8YR9SPI-2-4971-645,unk,no
A31EUQA8YR9SPI,A31EUQA8YR9SPI-2-18717-645,Neutral,Neutral
A31EUQA8YR9SPI,A31EUQA8YR9SPI-2-18175-645,Neutral,Neutral
A31EUQA8YR9SPI,A31EUQA8YR9SPI-3-9916-646,Positive,Positive
A31EUQA8YR9SPI,A31EUQA8YR9SPI-3-12276-646,QUENTIN,QUENTIN
A31EUQA8YR9SPI,A31EUQA8YR9SPI-3-172-646,"I can't tell",Yes
A10QCFQMBPB6IB,A10QCFQMBPB6IB-1-5749-647,yes,yes
A10QCFQMBPB6IB,A10QCFQMBPB6IB-1-6717-647,1,2.09
A10QCFQMBPB6IB,A10QCFQMBPB6IB-1-10552-647,animal,animal
A10QCFQMBPB6IB,A10QCFQMBPB6IB-2-12889-648,STEPHANIE,STEPHANIE
A10QCFQMBPB6IB,A10QCFQMBPB6IB-2-6965-648,4,2.8
A10QCFQMBPB6IB,A10QCFQMBPB6IB-2-10728-648,other,squares
A10QCFQMBPB6IB,A10QCFQMBPB6IB-3-13055-649,LEANNE,LEANNE
A10QCFQMBPB6IB,A10QCFQMBPB6IB-3-11773-649,plain,plain
A3DOHO295ZBORZ,A3DOHO295ZBORZ-1-998-650,"I can't tell","I can't tell"
A3DOHO295ZBORZ,A3DOHO295ZBORZ-1-11141-650,stripes,stripes
A3DOHO295ZBORZ,A3DOHO295ZBORZ-1-15862-650,false,False
A3DOHO295ZBORZ,A3DOHO295ZBORZ-2-14163-651,false,False
A3DOHO295ZBORZ,A3DOHO295ZBORZ-2-293-651,No,"I can't tell"
A3DOHO295ZBORZ,A3DOHO295ZBORZ-2-11322-651,"polka dot","polka dot"
A3DOHO295ZBORZ,A3DOHO295ZBORZ-3-14211-652,false,False
A3DOHO295ZBORZ,A3DOHO295ZBORZ-3-15078-652,false,False
A3DOHO295ZBORZ,A3DOHO295ZBORZ-3-555-652,Yes,Yes
A2J6S7QR4CGXTW,A2J6S7QR4CGXTW-1-2191-653,7,7.0
A2J6S7QR4CGXTW,A2J6S7QR4CGXTW-1-1728-653,Yes,Yes
A2J6S7QR4CGXTW,A2J6S7QR4CGXTW-2-5234-654,no,no
A2J6S7QR4CGXTW,A2J6S7QR4CGXTW-2-15267-654,false,False
A2J6S7QR4CGXTW,A2J6S7QR4CGXTW-2-3832-654,5,3.25
A2J6S7QR4CGXTW,A2J6S7QR4CGXTW-3-16518-655,"Personal Growth","Recreation & Leisure"
A2J6S7QR4CGXTW,A2J6S7QR4CGXTW-3-13614-655,Millie,MILLIE
A2J6S7QR4CGXTW,A2J6S7QR4CGXTW-3-683-655,Yes,Yes
A1XE81PDQ4YPE,A1XE81PDQ4YPE-1-4248-656,unk,no
A1XE81PDQ4YPE,A1XE81PDQ4YPE-1-7307-656,3,3.2
A1XE81PDQ4YPE,A1XE81PDQ4YPE-1-11568-656,animal,plain
A1XE81PDQ4YPE,A1XE81PDQ4YPE-2-4419-657,no,yes
A1XE81PDQ4YPE,A1XE81PDQ4YPE-2-5593-657,no,unk
A1XE81PDQ4YPE,A1XE81PDQ4YPE-2-10601-657,chevron,plain
A1XE81PDQ4YPE,A1XE81PDQ4YPE-3-2505-658,4,7.0
A1XE81PDQ4YPE,A1XE81PDQ4YPE-3-9026-658,"Highly positive",Positive
A1XE81PDQ4YPE,A1XE81PDQ4YPE-3-9107-658,Negative,Negative
A2WCZNW33ZN925,A2WCZNW33ZN925-1-7967-659,4,3.4
A2WCZNW33ZN925,A2WCZNW33ZN925-1-12427-659,Guenaelle,GUENAELLE
A2WCZNW33ZN925,A2WCZNW33ZN925-1-15961-659,false,False
A2WCZNW33ZN925,A2WCZNW33ZN925-2-13176-660,Lenny,LENNY
A2WCZNW33ZN925,A2WCZNW33ZN925-2-1895-660,Yes,Yes
A2WCZNW33ZN925,A2WCZNW33ZN925-3-434-661,"I can't tell","I can't tell"
A1ZQU2A5A8EIHL,A1ZQU2A5A8EIHL-1-13475-663,SULLYVAN,SOLLYVAN
A1ZQU2A5A8EIHL,A1ZQU2A5A8EIHL-1-14508-663,false,False
A1ZQU2A5A8EIHL,A1ZQU2A5A8EIHL-1-4467-663,unk,no
A1ZQU2A5A8EIHL,A1ZQU2A5A8EIHL-2-2132-664,7,7.0
A1ZQU2A5A8EIHL,A1ZQU2A5A8EIHL-2-10728-664,skull,squares
A1ZQU2A5A8EIHL,A1ZQU2A5A8EIHL-2-13677-664,"JULETTE",JULIETTE
A1ZQU2A5A8EIHL,A1ZQU2A5A8EIHL-3-11101-665,stripes,floral
A1ZQU2A5A8EIHL,A1ZQU2A5A8EIHL-3-14111-665,true,False
A1ZQU2A5A8EIHL,A1ZQU2A5A8EIHL-3-16654-665,Family/Friends/Relationships,Humor
A111TDDZYJOSQ2,A111TDDZYJOSQ2-1-14843-666,false,False
A111TDDZYJOSQ2,A111TDDZYJOSQ2-1-9889-666,Positive,Positive
A111TDDZYJOSQ2,A111TDDZYJOSQ2-1-484-666,Yes,Yes
A111TDDZYJOSQ2,A111TDDZYJOSQ2-2-2456-667,7,7.0
A111TDDZYJOSQ2,A111TDDZYJOSQ2-2-8848-667,"Highly positive",Positive
A111TDDZYJOSQ2,A111TDDZYJOSQ2-2-10936-667,"polka dot",plain
A111TDDZYJOSQ2,A111TDDZYJOSQ2-3-4746-668,no,unk
A111TDDZYJOSQ2,A111TDDZYJOSQ2-3-11072-668,floral,floral
A20CAWRL2R82NL,A20CAWRL2R82NL-1-7016-669,5,3.8
A20CAWRL2R82NL,A20CAWRL2R82NL-1-14547-669,false,False
A20CAWRL2R82NL,A20CAWRL2R82NL-1-12344-669,Anissa,ANISSA
AAXILKN9M4YW1,AAXILKN9M4YW1-1-9730-670,"Photo unavailable",Neutral
AAXILKN9M4YW1,AAXILKN9M4YW1-1-6805-670,2,1.8
AAXILKN9M4YW1,AAXILKN9M4YW1-1-16816-670,"Personal Growth","Personal Growth"
AAXILKN9M4YW1,AAXILKN9M4YW1-2-2915-671,1,1.0
AAXILKN9M4YW1,AAXILKN9M4YW1-2-8334-671,"Highly positive",Positive
AAXILKN9M4YW1,AAXILKN9M4YW1-2-11771-671,plain,plain
AAXILKN9M4YW1,AAXILKN9M4YW1-3-10773-672,floral,floral
AAXILKN9M4YW1,AAXILKN9M4YW1-3-15380-672,false,False
A1CQAS2V0PGXY9,A1CQAS2V0PGXY9-1-9829-673,"Highly positive",Positive
A1CQAS2V0PGXY9,A1CQAS2V0PGXY9-2-13405-674,BRYAN,BRYAN
A1CQAS2V0PGXY9,A1CQAS2V0PGXY9-2-6254-674,4,3.0
A1CQAS2V0PGXY9,A1CQAS2V0PGXY9-3-7948-675,5,3.6
A1CQAS2V0PGXY9,A1CQAS2V0PGXY9-3-11900-675,other,plain
A1CQAS2V0PGXY9,A1CQAS2V0PGXY9-3-10098-675,floral,floral
A3P86OK72F8M99,A3P86OK72F8M99-1-3965-676,3,1.25
A3P86OK72F8M99,A3P86OK72F8M99-1-6153-676,3,3.0
A3P86OK72F8M99,A3P86OK72F8M99-1-18387-676,Positive,Neutral
A3P86OK72F8M99,A3P86OK72F8M99-2-3463-677,1,1.0
A3P86OK72F8M99,A3P86OK72F8M99-2-1714-677,Yes,Yes
A3P86OK72F8M99,A3P86OK72F8M99-3-9450-678,Negative,Negative
A3P86OK72F8M99,A3P86OK72F8M99-3-13202-678,Liam,LIAM
A3P86OK72F8M99,A3P86OK72F8M99-3-18201-678,Positive,Neutral
A1KLTDH4WRKIZ5,A1KLTDH4WRKIZ5-3-17595-681,"Health & Fitness","Personal Growth"
A1KBDN6C1Q0D4U,A1KBDN6C1Q0D4U-1-6801-682,5,3.2
A1KBDN6C1Q0D4U,A1KBDN6C1Q0D4U-1-11049-682,plain,plain
A1KBDN6C1Q0D4U,A1KBDN6C1Q0D4U-1-18084-682,Positive,Neutral
A1KBDN6C1Q0D4U,A1KBDN6C1Q0D4U-2-6284-683,5,4.0
A1KBDN6C1Q0D4U,A1KBDN6C1Q0D4U-2-16282-683,"Recreation & Leisure","Personal Growth"
A1KBDN6C1Q0D4U,A1KBDN6C1Q0D4U-2-267-683,Yes,Yes
A1KBDN6C1Q0D4U,A1KBDN6C1Q0D4U-3-17196-684,Finance,"Health & Fitness"
A1KBDN6C1Q0D4U,A1KBDN6C1Q0D4U-3-11185-684,other,plain
A1KBDN6C1Q0D4U,A1KBDN6C1Q0D4U-3-14015-684,false,False
A3CZFO5EBN32F8,A3CZFO5EBN32F8-1-10533-685,floral,floral
A3CZFO5EBN32F8,A3CZFO5EBN32F8-2-4075-686,no,yes
A3CZFO5EBN32F8,A3CZFO5EBN32F8-2-13318-686,Zoe,ZOE
A3CZFO5EBN32F8,A3CZFO5EBN32F8-3-15266-687,false,False
A3CZFO5EBN32F8,A3CZFO5EBN32F8-3-10127-687,floral,floral
A3CZFO5EBN32F8,A3CZFO5EBN32F8-3-1671-687,Yes,No
A1NYHBSW9EIQX9,A1NYHBSW9EIQX9-1-2492-687,7,7.0
A1NYHBSW9EIQX9,A1NYHBSW9EIQX9-1-4906-687,no,no
A1NYHBSW9EIQX9,A1NYHBSW9EIQX9-1-16643-687,Family/Friends/Relationships,Humor
A1NYHBSW9EIQX9,A1NYHBSW9EIQX9-2-2073-688,7,7.0
A1NYHBSW9EIQX9,A1NYHBSW9EIQX9-2-7579-688,4,3.2
A1NYHBSW9EIQX9,A1NYHBSW9EIQX9-2-18816-688,Positive,Neutral
A1NYHBSW9EIQX9,A1NYHBSW9EIQX9-3-8789-689,Positive,Positive
A1NYHBSW9EIQX9,A1NYHBSW9EIQX9-3-8202-689,Neutral,Positive
A1NYHBSW9EIQX9,A1NYHBSW9EIQX9-3-12455-689,Pauline,PAULINE
A3A8GRRK8BP0M5,A3A8GRRK8BP0M5-1-12483-690,EN20,ENZO
A3A8GRRK8BP0M5,A3A8GRRK8BP0M5-2-1718-691,No,Yes
A3A8GRRK8BP0M5,A3A8GRRK8BP0M5-3-7233-692,4,4.2
A3A8GRRK8BP0M5,A3A8GRRK8BP0M5-3-5240-692,no,no
A3A8GRRK8BP0M5,A3A8GRRK8BP0M5-3-11028-692,plain,plain
A2K9GHFRY094XA,A2K9GHFRY094XA-1-19315-693,Negative,Neutral
A2K9GHFRY094XA,A2K9GHFRY094XA-1-659-693,Yes,Yes
A2K9GHFRY094XA,A2K9GHFRY094XA-1-6221-693,3,3.0
A2K9GHFRY094XA,A2K9GHFRY094XA-2-14182-694,false,False
A2K9GHFRY094XA,A2K9GHFRY094XA-2-12809-694,REMI,REMI
A2K9GHFRY094XA,A2K9GHFRY094XA-2-6123-694,2,3.0
A2K9GHFRY094XA,A2K9GHFRY094XA-3-6675-695,5,3.83
A2K9GHFRY094XA,A2K9GHFRY094XA-3-14939-695,false,False
A2K9GHFRY094XA,A2K9GHFRY094XA-3-5789-695,yes,yes
A3ERTS7DPJKIB3,A3ERTS7DPJKIB3-1-9117-696,Neutral,Neutral
A3ERTS7DPJKIB3,A3ERTS7DPJKIB3-1-12888-696,NADiA,WADIA
A3ERTS7DPJKIB3,A3ERTS7DPJKIB3-2-2908-697,1,1.0
A3ERTS7DPJKIB3,A3ERTS7DPJKIB3-2-6699-697,5,3.17
A3ERTS7DPJKIB3,A3ERTS7DPJKIB3-2-14061-697,false,False
A3ERTS7DPJKIB3,A3ERTS7DPJKIB3-3-13259-698,SOLEYSS,SOLEYSS
A3ERTS7DPJKIB3,A3ERTS7DPJKIB3-3-10972-698,plain,plain
A3ERTS7DPJKIB3,A3ERTS7DPJKIB3-3-7736-698,5,4.33
A304JFG8AJM7U6,A304JFG8AJM7U6-1-15036-699,false,False
A304JFG8AJM7U6,A304JFG8AJM7U6-1-7776-699,4,3.33
A304JFG8AJM7U6,A304JFG8AJM7U6-1-10255-699,squares,plain
A304JFG8AJM7U6,A304JFG8AJM7U6-2-13405-700,BRYAN,BRYAN
A304JFG8AJM7U6,A304JFG8AJM7U6-2-15395-700,false,False
A304JFG8AJM7U6,A304JFG8AJM7U6-2-10814-700,"polka dot","polka dot"
A304JFG8AJM7U6,A304JFG8AJM7U6-3-14576-701,false,False
A304JFG8AJM7U6,A304JFG8AJM7U6-3-530-701,Yes,Yes
A304JFG8AJM7U6,A304JFG8AJM7U6-3-12235-701,GAUTHIER,GAUTHIER
A3HZYJGEGB37PT,A3HZYJGEGB37PT-1-19109-702,Neutral,Neutral
A3HZYJGEGB37PT,A3HZYJGEGB37PT-1-14359-702,false,False
A3HZYJGEGB37PT,A3HZYJGEGB37PT-1-18601-702,Positive,Neutral
A3HZYJGEGB37PT,A3HZYJGEGB37PT-2-6418-703,5,4.0
A3HZYJGEGB37PT,A3HZYJGEGB37PT-2-5384-703,no,no
A3HZYJGEGB37PT,A3HZYJGEGB37PT-2-15133-703,false,False
A3HZYJGEGB37PT,A3HZYJGEGB37PT-3-14571-704,false,False
A3HZYJGEGB37PT,A3HZYJGEGB37PT-3-11828-704,other,cartoon
A3HZYJGEGB37PT,A3HZYJGEGB37PT-3-19008-704,Neutral,Neutral
A2HWIMV4GER6LJ,A2HWIMV4GER6LJ-1-6220-705,4,3.0
A2HWIMV4GER6LJ,A2HWIMV4GER6LJ-1-5203-705,no,no
A2HWIMV4GER6LJ,A2HWIMV4GER6LJ-1-11072-705,floral,floral
A2HWIMV4GER6LJ,A2HWIMV4GER6LJ-2-7391-706,5,3.2
A2HWIMV4GER6LJ,A2HWIMV4GER6LJ-2-2701-706,5,1.0
A2HWIMV4GER6LJ,A2HWIMV4GER6LJ-2-1612-706,Yes,Yes
A2HWIMV4GER6LJ,A2HWIMV4GER6LJ-3-4586-707,yes,yes
A2HWIMV4GER6LJ,A2HWIMV4GER6LJ-3-3603-707,5,1.25
A2HWIMV4GER6LJ,A2HWIMV4GER6LJ-3-8357-707,"Photo unavailable",Neutral
A2HJ05IDCIY01V,A2HJ05IDCIY01V-1-18606-708,Neutral,Neutral
A2HJ05IDCIY01V,A2HJ05IDCIY01V-1-18525-708,Positive,Neutral
A2HJ05IDCIY01V,A2HJ05IDCIY01V-1-1593-708,No,Yes
A2HJ05IDCIY01V,A2HJ05IDCIY01V-2-17103-709,"Health & Fitness","Health & Fitness"
A2HJ05IDCIY01V,A2HJ05IDCIY01V-2-1825-709,Yes,Yes
A2HJ05IDCIY01V,A2HJ05IDCIY01V-2-13141-709,CLEMENCE,CLEMENCE
A2HJ05IDCIY01V,A2HJ05IDCIY01V-3-14429-710,false,False
A2HJ05IDCIY01V,A2HJ05IDCIY01V-3-474-710,No,Yes
A2HJ05IDCIY01V,A2HJ05IDCIY01V-3-10398-710,other,plain
A28JGET2XTPRG5,A28JGET2XTPRG5-1-4428-711,no,unk
A28JGET2XTPRG5,A28JGET2XTPRG5-1-8791-711,"Photo unavailable",Neutral
A28JGET2XTPRG5,A28JGET2XTPRG5-1-9068-711,"Photo unavailable",Neutral
A28JGET2XTPRG5,A28JGET2XTPRG5-2-4878-712,no,no
A28JGET2XTPRG5,A28JGET2XTPRG5-2-12786-712,Lily,LILY
A28JGET2XTPRG5,A28JGET2XTPRG5-3-10756-713,plain,plain
A28JGET2XTPRG5,A28JGET2XTPRG5-3-8166-713,"Highly positive",Positive
A3VBSJ1DWV04I0,A3VBSJ1DWV04I0-1-17931-714,"Personal Growth","Health & Fitness"
A3VBSJ1DWV04I0,A3VBSJ1DWV04I0-1-12122-714,Loic,LOIC
